GeneID;Chr;Start;End;Strand;Length;baseMean;log2FoldChange;lfcSE;stat;pvalue;padj;gap
transporter substrate-binding domain-containing protein_1;CP080275;9880;10959;+;1080;741.4197254;1.257489488;0.165519268;7.5972393;3.03E-14;4.48E-13;12
transporter substrate-binding domain-containing protein_2;CP080275;10971;11996;+;1026;594.2503615;1.260472901;0.120104309;10.49481835;9.13E-26;2.62E-24;88179
MFS transporter_4;CP080275;100175;101416;+;1242;3211.409724;-2.355033885;0.149827598;-15.71829169;1.13E-55;1.17E-53;86675
glycosyltransferase family 2 protein_4;CP080275;188091;189041;+;951;649.9546643;-1.254877978;0.194325091;-6.457621976;1.06E-10;1.16E-09;2
NAD(P)-dependent oxidoreductase_1;CP080275;189043;189840;+;798;468.0085642;-1.534875011;0.185211329;-8.287155089;1.16E-16;2.03E-15;-19
glycosyltransferase_6;CP080275;189821;190609;+;789;1137.827724;-1.133156504;0.148575564;-7.626802622;2.41E-14;3.60E-13;-3
DegT/DnrJ/EryC1/StrS family aminotransferase_1;CP080275;190606;191802;+;1197;675.8142168;-1.03908875;0.154147872;-6.740856936;1.57E-11;1.87E-10;42
GDP-mannose 4%2C6-dehydratase_2;CP080275;191844;192971;+;1128;1085.206645;-1.153028518;0.127108131;-9.071241212;1.18E-19;2.58E-18;113
hypothetical protein_106;CP080275;193084;193590;-;507;4004.917302;-3.698058545;0.250811826;-14.74435479;3.35E-49;2.78E-47;5784
helix-turn-helix domain-containing protein_11;CP080275;199374;199778;-;405;198.2683265;1.261732444;0.148178058;8.514974893;1.67E-17;3.15E-16;80
MFS transporter_7;CP080275;199858;201099;+;1242;2222.282019;4.084892023;0.202228327;20.19940572;9.91E-91;3.44E-88;10740
PrkA family serine protein kinase;CP080275;211839;213773;+;1935;8634.805693;-1.291879993;0.25557911;-5.054716701;4.31E-07;3.06E-06;22
YeaH/YhbH family protein;CP080275;213795;215132;+;1338;2675.087874;-1.322975387;0.206627668;-6.402702013;1.53E-10;1.64E-09;19040
tetratricopeptide repeat protein_1;CP080275;234172;235836;+;1665;27906.41422;-2.036754827;0.238771818;-8.530130738;1.46E-17;2.78E-16;15724
NAD(P)H-binding protein_2;CP080275;251560;252216;-;657;71.0757248;2.783715975;0.315110407;8.834097231;1.01E-18;2.08E-17;16116
hypothetical protein_114;CP080275;268332;268805;-;474;1614.531616;1.430404129;0.188735107;7.578898027;3.49E-14;5.10E-13;26148
VOC family protein_2;CP080275;294953;295336;-;384;189.960645;-1.545655741;0.205981104;-7.503871522;6.20E-14;8.86E-13;149
redox-sensitive transcriptional activator SoxR;CP080275;295485;295979;+;495;468.1482441;-1.380307465;0.166855825;-8.272455977;1.31E-16;2.28E-15;9225
acetoacetyl-CoA reductase;CP080275;305204;305926;-;723;8238.241105;-1.304940179;0.154406162;-8.451347795;2.88E-17;5.36E-16;4123
TlpA family protein disulfide reductase;CP080275;310049;310612;-;564;1150.04053;1.009543302;0.103555754;9.748789996;1.87E-22;4.78E-21;18076
succinate--CoA ligase subunit alpha;CP080275;328688;329572;-;885;13124.17293;-1.083193996;0.152461542;-7.104703116;1.21E-12;1.60E-11;382
ADP-forming succinate--CoA ligase subunit beta;CP080275;329954;331147;-;1194;14820.56972;-1.167579525;0.179550127;-6.502805347;7.88E-11;8.75E-10;1740
sulfite exporter TauE/SafE family protein_1;CP080275;332887;333642;+;756;336.2187904;-1.406900161;0.132733601;-10.59942738;3.00E-26;8.94E-25;111
hypothetical protein_126;CP080275;333753;334082;-;330;1208.458518;-2.857842494;0.216654539;-13.19078062;9.92E-40;5.49E-38;8436
succinate dehydrogenase iron-sulfur subunit;CP080275;342518;343297;+;780;3625.244019;1.165881328;0.207068997;5.630400221;1.80E-08;1.51E-07;213
hypothetical protein_128;CP080275;343510;343710;+;201;2606.0103;-2.334685403;0.206530474;-11.30431438;1.25E-29;4.19E-28;2733
purine-nucleoside phosphorylase;CP080275;346443;347147;-;705;1319.147491;3.81596157;0.208667851;18.28725198;1.05E-74;2.49E-72;114253
alpha-hydroxy-acid oxidizing protein_1;CP080275;461400;462566;-;1167;999.0814996;1.829809158;0.154108822;11.87348741;1.63E-32;6.46E-31;13290
dihydrodipicolinate synthase family protein;CP080275;475856;476815;+;960;538.6272686;3.008027456;0.216806866;13.87422598;9.08E-44;6.30E-42;-9
proline racemase family protein_2;CP080275;476806;477750;+;945;171.6652553;3.025517197;0.274363634;11.02739875;2.82E-28;9.04E-27;0
aldehyde dehydrogenase family protein_6;CP080275;477750;479180;+;1431;215.4726027;2.826035916;0.228411247;12.37257779;3.68E-35;1.73E-33;9897
ABC transporter substrate-binding protein_11;CP080275;489077;490810;-;1734;233.3703578;1.033577295;0.188031897;5.496818962;3.87E-08;3.11E-07;6439
oligosaccharide flippase family protein_2;CP080275;497249;498613;-;1365;518.5752295;-1.045313498;0.115408309;-9.057523733;1.33E-19;2.91E-18;35344
purine permease;CP080275;533957;535384;+;1428;429.951346;-1.335693165;0.147608482;-9.0488917;1.44E-19;3.13E-18;17874
group III truncated hemoglobin;CP080275;553258;553668;-;411;139.0209407;1.112407977;0.229466482;4.847801596;1.25E-06;8.09E-06;7640
hypothetical protein_137;CP080275;561308;561649;-;342;601.7100116;-1.199627801;0.162903767;-7.364027381;1.78E-13;2.50E-12;4970
YeeE/YedE family protein_1;CP080275;566619;567683;-;1065;26.88897185;1.445725983;0.431791535;3.348203626;0.000813372;0.003111679;2481
hypothetical protein_138;CP080275;570164;570508;+;345;5934.104031;-1.07194267;0.123418574;-8.685424224;3.77E-18;7.62E-17;14109
formate--tetrahydrofolate ligase;CP080275;584617;586293;+;1677;4173.127129;-1.249851548;0.181324414;-6.892902744;5.47E-12;6.89E-11;9672
type II secretion system F family protein_2;CP080275;595965;596933;-;969;1738.227817;-1.196167443;0.155062578;-7.714094899;1.22E-14;1.85E-13;0
CpaF family protein;CP080275;596933;598378;-;1446;1773.839279;-1.029611153;0.156274177;-6.588491927;4.44E-11;5.08E-10;30
AAA family ATPase_4;CP080275;598408;599640;-;1233;2125.34999;-1.103863387;0.114839567;-9.612221806;7.10E-22;1.78E-20;2485
Flp pilus assembly protein CpaB;CP080275;602125;602985;-;861;2749.494696;-1.145574368;0.202815128;-5.648367452;1.62E-08;1.37E-07;151
hypothetical protein_140;CP080275;603136;603312;-;177;734.6757355;-1.351314768;0.253823641;-5.323833357;1.02E-07;7.79E-07;2906
CoA transferase subunit A;CP080275;606218;606937;-;720;2067.165126;1.216471928;0.193787187;6.277359974;3.44E-10;3.48E-09;3070
DNA-processing protein DprA;CP080275;610007;611245;-;1239;2584.480708;-1.117802669;0.243917059;-4.582716255;4.59E-06;2.75E-05;3822
cytochrome C oxidase assembly protein;CP080275;615067;615249;+;183;292.0155589;1.110778475;0.248934645;4.462128899;8.11E-06;4.62E-05;21372
hypothetical protein_151;CP080275;636621;636824;-;204;48.40851389;-3.320439632;1.20072413;-2.765364289;0.005685926;0.017560047;19706
tail protein X_1;CP080275;656530;656736;+;207;21.06080781;-3.421654831;1.171959048;-2.919602726;0.003504779;0.011469646;30083
glycosyltransferase_13;CP080275;686819;688759;-;1941;1256.413232;-2.25026437;0.167109396;-13.46581596;2.49E-41;1.48E-39;60386
adenosylcobalamin-dependent ribonucleoside-diphosphate reductase_2;CP080275;749145;751442;-;2298;4334.28478;1.110701395;0.101599836;10.93211803;8.09E-28;2.51E-26;9659
methyltransferase domain-containing protein_1;CP080275;761101;761736;+;636;101.3383494;-1.970486767;0.236379843;-8.336103191;7.68E-17;1.38E-15;29034
beta-galactosidase;CP080275;790770;792689;-;1920;210.9234345;1.074349655;0.174190357;6.167675819;6.93E-10;6.72E-09;9
SMP-30/gluconolactonase/LRE family protein;CP080275;792698;793570;-;873;90.88283475;1.182602114;0.239275432;4.942430177;7.72E-07;5.19E-06;-10
2-dehydro-3-deoxy-6-phosphogalactonate aldolase;CP080275;793560;794171;-;612;87.60147583;1.425070121;0.213939188;6.661099034;2.72E-11;3.15E-10;-3
2-dehydro-3-deoxygalactonokinase_2;CP080275;794168;795136;-;969;132.3103292;1.103184488;0.182007909;6.061189844;1.35E-09;1.27E-08;-3
SDR family oxidoreductase_6;CP080275;795133;795903;-;771;239.1421034;1.326806906;0.210482978;6.303630425;2.91E-10;2.97E-09;0
dihydroxy-acid dehydratase_2;CP080275;795903;797618;-;1716;323.8462287;1.295421246;0.179277926;7.225771028;4.98E-13;6.82E-12;-3
alpha-galactosidase;CP080275;797615;799714;-;2100;308.185883;1.096212325;0.204129392;5.370183645;7.87E-08;6.12E-07;-3
carbohydrate ABC transporter permease_4;CP080275;799711;800559;-;849;149.7128851;1.426148533;0.258289557;5.521510619;3.36E-08;2.72E-07;0
sugar ABC transporter permease_5;CP080275;800559;801497;-;939;126.4426545;1.071820389;0.29396012;3.646142163;0.000266207;0.001169594;156
ABC transporter substrate-binding protein_12;CP080275;801653;802903;-;1251;1571.859734;1.085699802;0.241078695;4.503507869;6.68E-06;3.87E-05;945
sn-glycerol-3-phosphate ABC transporter ATP-binding protein UgpC_1;CP080275;803848;804909;+;1062;781.807973;1.005693005;0.189965195;5.294090863;1.20E-07;9.08E-07;69277
response regulator transcription factor_1;CP080275;874186;874851;-;666;40.88812856;-1.053205604;0.291985562;-3.607046859;0.000309702;0.001333079;1259
tripartite tricarboxylate transporter TctB family protein_3;CP080275;876110;876604;+;495;13.21924351;1.411807492;0.453635068;3.112209772;0.001856925;0.006546389;2
tripartite tricarboxylate transporter permease_3;CP080275;876606;878123;+;1518;67.82147547;1.166595601;0.245077996;4.760099319;1.93E-06;1.24E-05;7997
energy-coupling factor ABC transporter permease;CP080275;886120;886797;-;678;4421.303707;1.896768246;0.192686671;9.843795828;7.29E-23;1.89E-21;1208
cobyrinate a%2Cc-diamide synthase;CP080275;888005;889324;-;1320;229.3592217;1.159327642;0.189347987;6.122735495;9.20E-10;8.76E-09;-7
precorrin-4 C(11)-methyltransferase;CP080275;889317;890111;-;795;292.2869516;1.137245566;0.134938234;8.427897237;3.52E-17;6.49E-16;19743
peptidase;CP080275;909854;911122;-;1269;39137.10973;-1.074244984;0.142642581;-7.53102598;5.03E-14;7.28E-13;83
hypothetical protein_191;CP080275;911205;911711;-;507;9793.538632;-2.630630132;0.230255394;-11.42483609;3.14E-30;1.09E-28;-3
hemin uptake protein HemP;CP080275;911708;911884;-;177;19040.93345;-2.763403263;0.353316356;-7.821328443;5.23E-15;8.18E-14;6
hypothetical protein_192;CP080275;911890;912042;-;153;18567.86854;-2.80750521;0.31678254;-8.862562972;7.82E-19;1.62E-17;8221
3-keto-5-aminohexanoate cleavage protein_2;CP080275;920263;921180;+;918;61.77471129;-1.109301592;0.418841882;-2.648497295;0.00808505;0.023703227;7438
EF-hand domain-containing protein;CP080275;928618;929121;+;504;653.9601587;1.837883909;0.258586393;7.107426999;1.18E-12;1.58E-11;1139
periplasmic heavy metal sensor;CP080275;930260;930739;+;480;298.4112618;1.029377448;0.194041654;5.304930283;1.13E-07;8.59E-07;261
diguanylate cyclase_1;CP080275;931000;932430;-;1431;1167.914922;-1.091653252;0.225965899;-4.831053071;1.36E-06;8.79E-06;14929
pilus assembly protein_1;CP080275;947359;947958;-;600;942.4079673;-1.220220573;0.216089906;-5.646818948;1.63E-08;1.38E-07;4
pilus assembly protein_2;CP080275;947962;948522;-;561;453.7984898;-1.455617558;0.175108422;-8.312664493;9.36E-17;1.65E-15;-3
VWA domain-containing protein_2;CP080275;948519;950201;-;1683;2739.181732;-1.219454213;0.186791953;-6.528408715;6.65E-11;7.49E-10;359
Glu/Leu/Phe/Val dehydrogenase_1;CP080275;950560;951990;+;1431;10989.49239;-1.174982492;0.16250642;-7.230375832;4.82E-13;6.66E-12;29922
hydroxymethylpyrimidine/phosphomethylpyrimidine kinase;CP080275;981912;982691;-;780;744.114576;-2.236901739;0.185564885;-12.05455296;1.84E-33;7.87E-32;-3
HesA/MoeB/ThiF family protein_1;CP080275;982688;983677;-;990;1291.294971;-2.186450243;0.1619015;-13.5048177;1.46E-41;8.88E-40;-24
thiamine phosphate synthase_1;CP080275;983653;984246;-;594;864.821635;-2.026606529;0.174463793;-11.61620127;3.41E-31;1.25E-29;24
thiazole synthase;CP080275;984270;985037;-;768;1345.32135;-2.24387249;0.21282517;-10.5432665;5.46E-26;1.60E-24;4
sulfur carrier protein ThiS;CP080275;985041;985238;-;198;256.5292668;-1.834699783;0.220399007;-8.32444669;8.47E-17;1.51E-15;-31
FAD-dependent oxidoreductase_3;CP080275;985207;986181;-;975;2554.895627;-2.485221488;0.220644304;-11.2634745;1.99E-29;6.60E-28;-3
phosphomethylpyrimidine synthase ThiC;CP080275;986178;987986;-;1809;16020.36045;-2.478942273;0.152614802;-16.24313134;2.50E-59;3.02E-57;12662
DUF2147 domain-containing protein;CP080275;1000648;1001034;+;387;126.6823215;1.551416602;0.227913965;6.807027375;9.96E-12;1.22E-10;544
AhpC/TSA family protein;CP080275;1001578;1002114;-;537;139.6594157;-1.289009459;0.186613355;-6.907380558;4.94E-12;6.30E-11;12800
diguanylate cyclase_3;CP080275;1014914;1016707;-;1794;2177.636308;-1.200386102;0.187135796;-6.414518909;1.41E-10;1.52E-09;2956
DUF1127 domain-containing protein_2;CP080275;1019663;1019881;-;219;8654.326696;-1.293709254;0.311064802;-4.158970241;3.20E-05;0.000165612;52523
malate synthase G;CP080275;1072404;1074536;+;2133;1146.270003;1.323826835;0.223928805;5.911820219;3.38E-09;3.08E-08;76
heme-binding protein;CP080275;1074612;1075037;+;426;77.61960029;1.09154065;0.305360573;3.574595897;0.000350769;0.001494684;39643
isovaleryl-CoA dehydrogenase;CP080275;1114680;1115840;+;1161;2369.464955;2.556439799;0.192882017;13.25390432;4.28E-40;2.40E-38;146
outer membrane beta-barrel protein;CP080275;1115986;1116588;-;603;4438.493491;4.417439153;0.271971036;16.24231468;2.53E-59;3.02E-57;165
AMP-binding protein_1;CP080275;1116753;1118306;+;1554;884.4094026;2.02667756;0.159216823;12.72904162;4.08E-37;2.13E-35;77
methylcrotonoyl-CoA carboxylase;CP080275;1118383;1119987;+;1605;1933.26699;1.643073323;0.244783006;6.712366795;1.91E-11;2.24E-10;10
acetyl/propionyl/methylcrotonyl-CoA carboxylase subunit alpha_1;CP080275;1119997;1121934;+;1938;2138.071977;1.864374982;0.169157491;11.02153366;3.01E-28;9.57E-27;22338
hypothetical protein_211;CP080275;1144272;1144445;-;174;5423.121808;-1.933278084;0.141716292;-13.64189015;2.26E-42;1.44E-40;35362
MoxR family ATPase_2;CP080275;1179807;1180718;+;912;309.4196954;1.068856635;0.191766593;5.573737409;2.49E-08;2.06E-07;16
VWA domain-containing protein_3;CP080275;1180734;1181999;+;1266;193.4320803;1.001788555;0.191367774;5.234886398;1.65E-07;1.24E-06;12306
hypothetical protein_219;CP080275;1194305;1194541;+;237;3838.688161;-1.066523201;0.245245887;-4.348791381;1.37E-05;7.49E-05;71
hypothetical protein_220;CP080275;1194612;1195868;+;1257;3263.03567;-1.534275577;0.171938975;-8.923372833;4.52E-19;9.49E-18;21563
SDR family NAD(P)-dependent oxidoreductase_3;CP080275;1217431;1218186;-;756;1505.263017;1.912864207;0.203781598;9.386834862;6.18E-21;1.48E-19;73
GNAT family N-acetyltransferase_10;CP080275;1218259;1219203;-;945;788.2186584;-1.011394131;0.181980475;-5.557706835;2.73E-08;2.25E-07;9206
DMT family transporter_8;CP080275;1228409;1229305;+;897;461.2948056;-1.153436476;0.232622916;-4.958395736;7.11E-07;4.86E-06;2281
hypothetical protein_225;CP080275;1231586;1231843;+;258;385.9136353;1.675188915;0.258525522;6.479781569;9.19E-11;1.00E-09;3266
aminotransferase class I/II-fold pyridoxal phosphate-dependent enzyme_3;CP080275;1235109;1236329;-;1221;1261.899386;-1.046501809;0.126567715;-8.268315596;1.36E-16;2.35E-15;171
FAD-binding oxidoreductase_4;CP080275;1236500;1237810;-;1311;1498.94528;1.041666619;0.125805414;8.279982471;1.23E-16;2.15E-15;8103
TerB family tellurite resistance protein;CP080275;1245913;1246901;-;989;2840.287365;-1.090917786;0.180152666;-6.05551842;1.40E-09;1.31E-08;21530
ATP-binding protein_7;CP080275;1268431;1270959;-;2529;1318.043152;-1.12022042;0.140772427;-7.95766932;1.75E-15;2.84E-14;2117
hypothetical protein_226;CP080275;1273076;1273258;+;183;403.2979432;4.190946336;0.246374434;17.01047576;6.87E-65;9.71E-63;30
alpha/beta fold hydrolase_1;CP080275;1273288;1274046;-;759;594.4667962;2.62574564;0.210953346;12.44704427;1.45E-35;7.10E-34;1264
PspA/IM30 family protein;CP080275;1275310;1275987;+;678;2046.74113;1.058783845;0.289380472;3.658795069;0.000253404;0.001121085;79
hypothetical protein_228;CP080275;1276066;1276350;+;285;1061.32579;1.532958678;0.248524697;6.168234781;6.91E-10;6.71E-09;19195
Hint domain-containing protein_5;CP080275;1295545;1296234;+;690;1807.215671;-1.047354254;0.15183258;-6.898086414;5.27E-12;6.66E-11;152
3-hydroxyacyl-CoA dehydrogenase NAD-binding domain-containing protein_2;CP080275;1296386;1298587;-;2202;5975.131609;1.054029515;0.279669979;3.768833254;0.000164012;0.000743181;24
acetyl-CoA C-acetyltransferase_2;CP080275;1298611;1299822;-;1212;4584.360121;1.010708282;0.277877476;3.637244365;0.00027557;0.00120255;11
glutathione binding-like protein;CP080275;1299833;1300471;-;639;629.8280601;1.423971461;0.18706893;7.612014771;2.70E-14;4.01E-13;38347
sulfur oxidation c-type cytochrome SoxA;CP080275;1338818;1339669;+;852;812.6908841;1.052417131;0.159018357;6.618211556;3.64E-11;4.17E-10;10040
RidA family protein_2;CP080275;1349709;1350068;+;360;81.13804302;-1.037027776;0.237624794;-4.364139607;1.28E-05;7.01E-05;26
hypothetical protein_232;CP080275;1350094;1350321;-;228;65.76099761;-1.455963497;0.235522415;-6.181846847;6.34E-10;6.20E-09;5002
ABC transporter ATP-binding protein_17;CP080275;1355323;1356078;-;756;854.6659611;2.996062068;0.27274307;10.98492463;4.52E-28;1.43E-26;12
ABC transporter ATP-binding protein_18;CP080275;1356090;1356845;-;756;248.7341683;2.231136308;0.271805776;8.208568413;2.24E-16;3.82E-15;13
branched-chain amino acid ABC transporter permease_4;CP080275;1356858;1358060;-;1203;555.3806358;3.182772386;0.275281719;11.56187342;6.43E-31;2.29E-29;5
branched-chain amino acid ABC transporter permease_5;CP080275;1358065;1359087;-;1023;459.95503;3.576946313;0.25963913;13.77660722;3.52E-43;2.40E-41;153
substrate-binding protein;CP080275;1359240;1360586;-;1347;2903.021491;3.266306888;0.205010657;15.93237607;3.78E-57;4.24E-55;9294
hypothetical protein_235;CP080275;1369880;1370110;+;231;259.4568894;1.348877358;0.21277917;6.339329926;2.31E-10;2.41E-09;548
DUF2312 domain-containing protein_2;CP080275;1370658;1370921;+;264;562.7165654;1.080864887;0.227411066;4.75291245;2.01E-06;1.28E-05;12221
4Fe-4S binding protein_1;CP080275;1383142;1384170;+;1029;1548.086669;-2.915974507;0.236718618;-12.31831499;7.22E-35;3.32E-33;735
adenylate kinase_1;CP080275;1384905;1385588;-;684;2314.376874;1.841296289;0.127140847;14.48233461;1.57E-47;1.15E-45;9
acetate--CoA ligase;CP080275;1385597;1387558;-;1962;4638.163228;1.762335954;0.212510648;8.292930134;1.10E-16;1.94E-15;1705
TRAP transporter small permease_2;CP080275;1389263;1389913;+;651;238.6686037;1.013319471;0.245107367;4.1341861;3.56E-05;0.000183292;29625
phosphoribosylglycinamide formyltransferase;CP080275;1419538;1420134;+;597;943.2454724;-2.159470605;0.197460066;-10.93623967;7.73E-28;2.42E-26;70
hypothetical protein_237;CP080275;1420204;1420389;-;186;304.527141;-2.866449987;0.162366292;-17.65421842;9.44E-70;1.64E-67;29658
efflux RND transporter periplasmic adaptor subunit_2;CP080275;1450047;1451168;+;1122;3484.243486;-3.118597033;0.253710613;-12.29194553;1.00E-34;4.49E-33;29
ABC transporter ATP-binding protein_21;CP080275;1451197;1451904;+;708;6185.898982;-3.124333866;0.248034817;-12.59635202;2.21E-36;1.14E-34;-3
ABC transporter permease_20;CP080275;1451901;1453043;+;1143;4302.145193;-2.662795583;0.269765962;-9.870761895;5.57E-23;1.46E-21;17
ABC transporter permease_21;CP080275;1453060;1454250;+;1191;2282.236808;-2.604934637;0.257198092;-10.12812584;4.15E-24;1.16E-22;689
hypothetical protein_241;CP080275;1454939;1455874;+;936;1682.649802;-2.388702856;0.144143614;-16.57168701;1.12E-61;1.47E-59;26
phosphopantetheine-binding protein;CP080275;1455900;1456160;+;261;457.8086027;-1.539464013;0.311264264;-4.945842455;7.58E-07;5.11E-06;-7
hypothetical protein_242;CP080275;1456153;1456833;+;681;963.9246515;-2.470792847;0.20748003;-11.90858151;1.07E-32;4.29E-31;517
hypothetical protein_243;CP080275;1457350;1458729;+;1380;1085.218293;-1.941610763;0.173541965;-11.18813404;4.66E-29;1.52E-27;-10
alpha/beta hydrolase_6;CP080275;1458719;1459684;+;966;761.771725;-2.13123786;0.183147804;-11.6367099;2.68E-31;1.00E-29;-16
hypothetical protein_244;CP080275;1459668;1460594;+;927;1255.609953;-1.898571389;0.141018908;-13.4632399;2.57E-41;1.51E-39;34
hypothetical protein_245;CP080275;1460628;1460909;+;282;873.9813917;-1.552875852;0.195446612;-7.945268724;1.94E-15;3.12E-14;4
acyl-CoA dehydrogenase family protein_4;CP080275;1460913;1463381;+;2469;4588.752409;-1.804077485;0.115838964;-15.57401258;1.09E-54;1.07E-52;-3
hypothetical protein_246;CP080275;1463378;1465263;+;1886;2414.565255;-1.648203376;0.167569918;-9.835914416;7.88E-23;2.03E-21;-16
acyl--CoA ligase_2;CP080275;1465247;1466848;+;1602;2457.478602;-1.554282959;0.154062564;-10.08864788;6.20E-24;1.72E-22;38
acyl carrier protein_1;CP080275;1466886;1467149;+;264;416.7309559;-1.24630332;0.28283548;-4.406460321;1.05E-05;5.87E-05;-3
AMP-binding protein_3;CP080275;1467146;1468750;+;1605;2635.340446;-1.190967046;0.187558608;-6.349839436;2.16E-10;2.27E-09;1397
AMP-binding protein_4;CP080275;1470147;1471706;+;1560;2313.695247;-1.207410206;0.151265088;-7.982081135;1.44E-15;2.34E-14;51
hypothetical protein_247;CP080275;1471757;1473115;+;1359;1556.286578;-1.204973789;0.142836144;-8.436056534;3.28E-17;6.08E-16;3117
hypothetical protein_248;CP080275;1476232;1476822;+;591;5057.524734;-3.553592436;0.314240023;-11.30852907;1.19E-29;4.06E-28;6240
VOC family protein_4;CP080275;1483062;1483442;-;381;26.49359109;-2.269205183;0.417887696;-5.430179452;5.63E-08;4.47E-07;36827
helix-turn-helix domain-containing protein_20;CP080275;1520269;1521093;-;825;2242.057772;-1.47843475;0.120108751;-12.3091343;8.09E-35;3.68E-33;15617
response regulator transcription factor_3;CP080275;1536710;1537429;+;720;2360.056234;-1.598754072;0.295993323;-5.401318023;6.62E-08;5.19E-07;16205
50S ribosomal protein L13;CP080275;1553634;1554092;+;459;18051.94701;1.028745553;0.259791528;3.959888771;7.50E-05;0.000363314;5214
outer membrane protein transport protein_2;CP080275;1559306;1560412;-;1107;1366.710143;1.359102052;0.147459554;9.216778532;3.06E-20;6.88E-19;4654
trimethylamine methyltransferase family protein_2;CP080275;1565066;1566619;+;1554;458.8267509;-2.639198602;0.153853795;-17.15393891;5.87E-66;8.97E-64;102
DUF6477 family protein;CP080275;1566721;1567017;-;297;751.1340352;-4.136022294;0.224698739;-18.40696709;1.16E-75;2.94E-73;240
helix-turn-helix domain-containing protein_21;CP080275;1567257;1568330;+;1074;266.6838752;-3.258187019;0.27848369;-11.69974092;1.28E-31;4.83E-30;36007
aquaporin family protein;CP080275;1604337;1604993;-;657;254.679239;1.070258134;0.185660209;5.764606956;8.18E-09;7.20E-08;24030
CoA transferase_3;CP080275;1629023;1630198;-;1176;184.0298641;4.028225851;0.293391296;13.72987513;6.72E-43;4.43E-41;42997
enoyl-CoA hydratase/isomerase family protein_1;CP080275;1673195;1673947;+;753;755.4969563;-1.20027966;0.153058578;-7.841962703;4.44E-15;6.97E-14;31
beta-lactamase family protein_2;CP080275;1673978;1675189;+;1212;241.0559448;-1.024704139;0.181297962;-5.652044452;1.59E-08;1.35E-07;2523
acyl-CoA dehydrogenase_3;CP080275;1677712;1678932;-;1221;7879.34197;2.453045959;0.106300203;23.07658767;7.96E-118;4.34E-115;6284
substrate-binding domain-containing protein_3;CP080275;1685216;1686271;-;1056;2765.4527;-1.034143061;0.254316799;-4.066357645;4.78E-05;0.000241168;4862
PAS domain-containing protein_2;CP080275;1691133;1691990;+;858;7731.439836;-1.4308448;0.121849568;-11.74271537;7.70E-32;2.94E-30;48762
HD-GYP domain-containing protein;CP080275;1740752;1742230;+;1479;1528.274158;-1.763038226;0.144039999;-12.23992112;1.90E-34;8.44E-33;23482
hypothetical protein_260;CP080275;1765712;1766236;-;525;3271.236653;-1.531345445;0.129376983;-11.8363051;2.53E-32;9.97E-31;413
PAS domain-containing protein_3;CP080275;1766649;1769900;+;3252;11431.33167;-1.128462102;0.122420071;-9.217950059;3.03E-20;6.84E-19;7923
hypothetical protein_261;CP080275;1777823;1780831;-;3009;374.8075023;-1.057408205;0.124858926;-8.468823471;2.48E-17;4.64E-16;1905
sn-glycerol-3-phosphate ABC transporter ATP-binding protein UgpC_3;CP080275;1782736;1783803;-;1068;61.61834333;1.112631296;0.241694871;4.603454315;4.16E-06;2.51E-05;874
sugar ABC transporter permease_8;CP080275;1784677;1785627;-;951;84.53823621;1.653792192;0.220418347;7.502969745;6.24E-14;8.89E-13;-18
sugar ABC transporter substrate-binding protein_3;CP080275;1785609;1786865;-;1257;253.0709726;2.440044627;0.301711567;8.087342008;6.10E-16;1.01E-14;42
aminotransferase class I/II-fold pyridoxal phosphate-dependent enzyme_5;CP080275;1786907;1788058;-;1152;48.66537206;1.818481448;0.353298773;5.147149059;2.64E-07;1.94E-06;-7
FCD domain-containing protein_1;CP080275;1788051;1788797;-;747;89.53473374;2.286069328;0.352721041;6.48123889;9.10E-11;9.98E-10;1909
vitamin B12-dependent ribonucleotide reductase;CP080275;1790706;1794350;-;3645;5675.230631;1.610644731;0.130105606;12.37951828;3.37E-35;1.61E-33;27733
holin family protein_1;CP080275;1822083;1822694;-;612;76.47703131;-3.34626681;0.2694425;-12.41922418;2.06E-35;9.93E-34;-9
holin-associated N-acetylmuramidase_1;CP080275;1822685;1823296;-;612;111.9561737;-3.606933156;0.263379744;-13.69480089;1.09E-42;7.06E-41;20258
type I glyceraldehyde-3-phosphate dehydrogenase_1;CP080275;1843554;1844555;+;1002;954.5277933;2.322589582;0.248490664;9.346788109;9.03E-21;2.13E-19;8360
acyl-CoA dehydrogenase family protein_6;CP080275;1852915;1854060;+;1146;1632.05947;2.274832084;0.115932357;19.62206359;1.00E-85;2.94E-83;8
enoyl-CoA hydratase/isomerase family protein_2;CP080275;1854068;1855114;+;1047;1102.771512;2.485560955;0.13801474;18.0093876;1.64E-72;2.99E-70;-3
3-hydroxyisobutyrate dehydrogenase;CP080275;1855111;1855986;+;876;2028.281588;1.672171794;0.144187573;11.59719775;4.26E-31;1.55E-29;5174
dihydrolipoyl dehydrogenase_3;CP080275;1861160;1862554;-;1395;4014.871951;-1.198423029;0.183783133;-6.520854289;6.99E-11;7.83E-10;192
DUF924 domain-containing protein;CP080275;1862746;1863324;-;579;417.7676279;-2.308972627;0.364896053;-6.327754459;2.49E-10;2.59E-09;27613
hypothetical protein_269;CP080275;1890937;1891257;-;321;70.97135396;-3.689608275;0.338710168;-10.89311342;1.24E-27;3.80E-26;13
glycoside hydrolase/phage tail family protein;CP080275;1891270;1895226;-;3957;432.1394811;-4.360953635;0.317344674;-13.74200987;5.69E-43;3.81E-41;0
NlpC/P60 family protein;CP080275;1895226;1895696;-;471;55.06104001;-4.376686938;0.462014594;-9.47304911;2.72E-21;6.61E-20;-3
DUF2163 domain-containing protein;CP080275;1895693;1896643;-;951;168.1681243;-4.865512904;0.595532275;-8.170023874;3.08E-16;5.23E-15;0
DUF2460 domain-containing protein;CP080275;1896643;1897275;-;633;186.5716037;-5.020824603;0.345770134;-14.52070063;8.96E-48;6.71E-46;16
phage tail tape measure protein_3;CP080275;1897291;1897947;-;657;335.8735969;-5.62300979;0.558146865;-10.0744269;7.17E-24;1.97E-22;-7
phage tail assembly chaperone;CP080275;1897940;1898197;-;258;170.6210884;-5.814765247;0.804960882;-7.223661887;5.06E-13;6.90E-12;-3
gene transfer agent family protein;CP080275;1898194;1898583;-;390;238.5952088;-5.991026933;0.440333063;-13.60567132;3.71E-42;2.32E-40;15
phage major tail protein%2C TP901-1 family;CP080275;1898598;1899011;-;414;190.6863522;-4.408204518;0.249835688;-17.64441481;1.12E-69;1.86E-67;106
DUF3168 domain-containing protein;CP080275;1899117;1899530;-;414;253.0496656;-6.06456289;0.703617775;-8.619115523;6.75E-18;1.32E-16;-3
head-tail adaptor protein;CP080275;1899527;1899898;-;372;153.6746364;-6.033854961;0.521776765;-11.56405453;6.27E-31;2.26E-29;-3
hypothetical protein_270;CP080275;1899895;1900542;-;648;494.1479366;-5.468683833;0.631796874;-8.655762723;4.90E-18;9.79E-17;187
phage major capsid protein_2;CP080275;1900729;1901913;-;1185;6631.688321;-5.634943605;0.310573108;-18.14369455;1.44E-73;3.05E-71;49
HK97 family phage prohead protease;CP080275;1901962;1902579;-;618;1174.673256;-5.431922142;0.54210436;-10.02006724;1.24E-23;3.39E-22;36
hypothetical protein_271;CP080275;1902615;1902833;-;219;209.7411231;-5.643297597;0.387545515;-14.56163825;4.93E-48;3.92E-46;-7
phage portal protein_3;CP080275;1902826;1904019;-;1194;2117.014834;-5.25086059;0.483325267;-10.8640308;1.71E-27;5.18E-26;205
terminase family protein_2;CP080275;1904224;1905516;-;1293;337.1755391;-4.1457134;0.268652693;-15.43149766;1.01E-53;9.59E-52;-28
recombinase;CP080275;1905488;1905829;-;342;142.7737961;-4.339676725;0.272189605;-15.94357992;3.16E-57;3.65E-55;3231
PilZ domain-containing protein;CP080275;1909060;1909818;+;759;438.5877632;-1.198060323;0.180443812;-6.639520123;3.15E-11;3.62E-10;17155
porin_1;CP080275;1926973;1928103;-;1131;6772.94897;1.482791461;0.124403828;11.9191787;9.40E-33;3.82E-31;7226
DUF305 domain-containing protein;CP080275;1935329;1936153;+;825;195.5792552;-1.076028598;0.240297153;-4.477908225;7.54E-06;4.32E-05;28
glutaredoxin;CP080275;1936181;1936942;+;762;140.1453753;-1.759964858;0.196053809;-8.976948026;2.78E-19;5.94E-18;23735
aconitate hydratase AcnA;CP080275;1960677;1963364;+;2688;10889.10297;1.135694423;0.180542888;6.290441203;3.17E-10;3.21E-09;25623
host attachment family protein;CP080275;1988987;1989439;-;453;1922.633758;-1.01421719;0.232797719;-4.356645742;1.32E-05;7.24E-05;16915
molybdopterin-dependent oxidoreductase_2;CP080275;2006354;2006983;-;630;746.3600031;-1.084079771;0.225797061;-4.801124366;1.58E-06;1.02E-05;6936
alginate biosynthesis protein;CP080275;2013919;2015289;-;1371;3467.823176;-1.071272193;0.1578079;-6.788457328;1.13E-11;1.37E-10;31085
MarR family winged helix-turn-helix transcriptional regulator;CP080275;2046374;2046805;+;432;334.396169;2.438278244;0.360494948;6.763696023;1.35E-11;1.60E-10;59
hypothetical protein_286;CP080275;2046864;2047292;+;429;309.3796373;2.543713373;0.249411923;10.1988443;2.01E-24;5.67E-23;4245
HEPN domain-containing protein;CP080275;2051537;2052205;-;669;1468.007527;-1.088926347;0.333373487;-3.266385571;0.001089298;0.004053548;-3
DUF262 domain-containing protein;CP080275;2052202;2053245;-;1044;3152.326361;-1.015170642;0.216440571;-4.690297376;2.73E-06;1.69E-05;32487
phage tail protein_6;CP080275;2085732;2086157;+;426;6.231393131;-1.903287823;0.800963946;-2.376246563;0.017489771;0.045862601;140
tail protein X_3;CP080275;2086297;2086506;+;210;15.48349693;-1.445462468;0.550596722;-2.625265299;0.008658148;0.025043036;-3
phage tail protein_7;CP080275;2086503;2087483;+;981;163.816679;-1.23613486;0.19932392;-6.20163833;5.59E-10;5.53E-09;36
hypothetical protein_300;CP080275;2087519;2087704;-;186;188.244142;-1.535317677;0.275553922;-5.571750406;2.52E-08;2.08E-07;224
hypothetical protein_301;CP080275;2087928;2089154;+;1227;3273.3591;-1.134925985;0.174749707;-6.494580187;8.33E-11;9.16E-10;3887
TRAP transporter large permease subunit_1;CP080275;2093041;2095398;-;2358;1607.166582;2.221726747;0.206341689;10.76722188;4.92E-27;1.48E-25;17
C4-dicarboxylate ABC transporter permease;CP080275;2095415;2096341;-;927;353.4787579;2.614284151;0.148538085;17.60009325;2.46E-69;3.91E-67;182
TRAP transporter substrate-binding protein_3;CP080275;2096523;2097605;-;1083;8360.32215;2.540144785;0.099848701;25.4399382;9.12E-143;6.97E-140;6126
helix-turn-helix transcriptional regulator_5;CP080275;2103731;2104489;+;759;799.3221553;-1.544494908;0.248537389;-6.214336252;5.15E-10;5.11E-09;14038
5-aminolevulinate synthase;CP080275;2118527;2119750;-;1224;3235.68328;1.758944543;0.115687509;15.20427367;3.31E-52;3.01E-50;13753
SPFH/Band 7/PHB domain protein;CP080275;2133503;2134396;+;894;2189.357136;1.072323967;0.173387818;6.184540419;6.23E-10;6.13E-09;10039
sigma-54 dependent transcriptional regulator_3;CP080275;2144435;2145670;-;1236;168.4438487;-1.083388216;0.217976821;-4.970199175;6.69E-07;4.59E-06;11463
metal-binding protein ZinT;CP080275;2157133;2157786;+;654;2490.07746;6.879501091;0.199854432;34.42255951;1.16E-259;2.21E-256;2618
xanthine dehydrogenase family protein subunit M_2;CP080275;2160404;2161192;-;789;815.1634105;2.145276927;0.215994627;9.932084706;3.02E-23;8.12E-22;87
xanthine dehydrogenase family protein molybdopterin-binding subunit_3;CP080275;2161279;2163642;-;2364;632.8532956;2.212969077;0.194963577;11.35067951;7.36E-30;2.53E-28;154
(2Fe-2S)-binding protein_3;CP080275;2163796;2164281;-;486;205.088521;2.174879012;0.280739215;7.746972607;9.41E-15;1.43E-13;17087
cold-shock protein_1;CP080275;2181368;2181574;+;207;4709.428808;1.641414093;0.322172396;5.094831561;3.49E-07;2.49E-06;57679
hypothetical protein_327;CP080275;2239253;2239441;-;189;561.3515174;-1.013749539;0.190375624;-5.324996528;1.01E-07;7.76E-07;324
YdcH family protein_1;CP080275;2239765;2240004;-;240;616.6009498;3.080711134;0.331037634;9.30622629;1.32E-20;3.06E-19;28870
hypothetical protein_329;CP080275;2268874;2269089;+;216;16688.71645;-2.492167979;0.23687804;-10.52089076;6.92E-26;2.02E-24;7155
metal-dependent hydrolase;CP080275;2276244;2276936;+;693;98.76335297;-1.119124684;0.225903967;-4.953984202;7.27E-07;4.95E-06;27873
cobalamin biosynthesis protein CbiX;CP080275;2304809;2305558;+;750;326.5906865;-1.04325592;0.167689298;-6.221362561;4.93E-10;4.91E-09;4374
pyridoxal-phosphate dependent enzyme_2;CP080275;2309932;2311404;-;1473;90.63871947;-1.161958419;0.220771277;-5.263177506;1.42E-07;1.07E-06;3661
hypothetical protein_332;CP080275;2315065;2315280;+;216;24.60072247;-1.039514095;0.348573146;-2.982197871;0.00286187;0.009534571;2301
transporter substrate-binding domain-containing protein_6;CP080275;2317581;2318417;-;837;174.4882768;-1.551396187;0.200121003;-7.7522907;9.02E-15;1.38E-13;44896
2Fe-2S iron-sulfur cluster-binding protein_2;CP080275;2363313;2363636;-;324;1125.571277;1.075945089;0.180697918;5.954385644;2.61E-09;2.40E-08;949
Crp/Fnr family transcriptional regulator_3;CP080275;2364585;2365346;+;762;376.6481061;-1.133045751;0.189870758;-5.967457863;2.41E-09;2.23E-08;12157
chemotaxis protein CheA_2;CP080275;2377503;2379728;+;2226;3305.163589;-1.129538575;0.139728892;-8.083786787;6.28E-16;1.03E-14;8464
nitrile hydratase accessory protein;CP080275;2388192;2388548;-;357;394.1785314;-1.250431716;0.19824799;-6.307411815;2.84E-10;2.90E-09;39407
YHS domain-containing protein;CP080275;2427955;2428473;-;519;2702.664363;1.105045947;0.200062321;5.523508575;3.32E-08;2.69E-07;13644
DUF6455 family protein_1;CP080275;2442117;2442383;-;267;201.6595553;4.158287409;0.250232984;16.61766306;5.19E-62;7.08E-60;97
DUF6455 family protein_2;CP080275;2442480;2442761;-;282;315.863574;5.145248122;0.396534403;12.97554029;1.68E-38;8.93E-37;16808
aminotransferase class I/II-fold pyridoxal phosphate-dependent enzyme_7;CP080275;2459569;2460876;+;1308;901.8042428;-3.773712937;0.146057963;-25.83709141;3.40E-147;3.24E-144;32548
co-chaperone GroES;CP080275;2493424;2493711;-;288;16514.37479;1.081409215;0.271036548;3.989901809;6.61E-05;0.000324803;1080
manganese-dependent inorganic pyrophosphatase;CP080275;2494791;2495711;+;921;7028.300152;-1.231382518;0.124077804;-9.924277195;3.26E-23;8.66E-22;528
methyl-accepting chemotaxis protein_10;CP080275;2496239;2498209;-;1971;1195.302248;-1.431867023;0.540408135;-2.649603012;0.00805864;0.023667606;5123
hypothetical protein_351;CP080275;2503332;2503766;+;435;37.13978181;1.543991047;0.285035519;5.416837349;6.07E-08;4.78E-07;51764
ABC transporter substrate-binding protein_21;CP080275;2555530;2556564;+;1035;3875.022363;-1.530352906;0.225658505;-6.781720479;1.19E-11;1.43E-10;2
iron ABC transporter permease_2;CP080275;2556566;2557597;+;1032;1144.138943;-1.220169187;0.14831113;-8.227091182;1.92E-16;3.28E-15;-3
iron chelate uptake ABC transporter family permease subunit_2;CP080275;2557594;2558610;+;1017;1027.311786;-1.355225152;0.188738502;-7.180438203;6.95E-13;9.41E-12;0
ABC transporter ATP-binding protein_29;CP080275;2558610;2559392;+;783;1010.293965;-1.327536555;0.239959242;-5.532341834;3.16E-08;2.59E-07;11
siderophore-interacting protein;CP080275;2559403;2560455;+;1053;1240.434542;-1.348708055;0.263892178;-5.110829977;3.21E-07;2.31E-06;-3
MotA/TolQ/ExbB proton channel family protein_1;CP080275;2560452;2561519;+;1068;1594.102361;-1.548256367;0.263571014;-5.874152631;4.25E-09;3.85E-08;5
biopolymer transporter ExbD_1;CP080275;2561524;2561901;+;378;397.300922;-1.344863256;0.219187654;-6.135670647;8.48E-10;8.13E-09;10
biopolymer transporter ExbD_2;CP080275;2561911;2562288;+;378;263.6705666;-1.134217002;0.192775939;-5.883602511;4.01E-09;3.64E-08;-3
TonB family protein_1;CP080275;2562285;2563133;+;849;465.5580195;-1.224827205;0.248487338;-4.929133278;8.26E-07;5.49E-06;16285
hypothetical protein_356;CP080275;2579418;2579723;-;306;3192.023482;-1.572321709;0.201069854;-7.819778442;5.29E-15;8.25E-14;858
universal stress protein_5;CP080275;2580581;2580988;-;408;491.1961078;1.63014492;0.310183025;5.255429182;1.48E-07;1.11E-06;566
hypothetical protein_357;CP080275;2581554;2582282;+;729;444.9627559;-1.066017342;0.143271913;-7.44051864;1.00E-13;1.42E-12;29
right-handed parallel beta-helix repeat-containing protein;CP080275;2582311;2584596;-;2286;4641.655713;-5.312381475;0.337635698;-15.73406339;8.84E-56;9.37E-54;17956
Rrf2 family transcriptional regulator_3;CP080275;2602552;2603016;-;465;778.9292598;4.235235003;0.267456285;15.83524201;1.78E-56;1.94E-54;20751
VOC family protein_10;CP080275;2623767;2624177;+;411;209.8509643;1.786800867;0.199651399;8.94960356;3.57E-19;7.57E-18;-3
glyoxylate/hydroxypyruvate reductase A;CP080275;2624174;2625100;+;927;461.7165347;1.864204299;0.162017806;11.50616923;1.23E-30;4.30E-29;4482
amino acid ABC transporter permease_2;CP080275;2629582;2630403;-;822;112.7832889;1.14655568;0.249429704;4.596708655;4.29E-06;2.59E-05;65
transporter substrate-binding domain-containing protein_7;CP080275;2630468;2631280;-;813;891.52322;1.025209208;0.191367646;5.357275525;8.45E-08;6.56E-07;6272
glutathione S-transferase_3;CP080275;2637552;2638235;+;684;450.0517116;-1.684611547;0.20411661;-8.253182092;1.54E-16;2.65E-15;121
YifB family Mg chelatase-like AAA ATPase;CP080275;2638356;2639858;+;1503;844.6340404;-1.572694128;0.158676272;-9.911337797;3.72E-23;9.79E-22;8191
IS1380 family transposase_2;CP080275;2648049;2649395;+;1347;826.8372387;-1.20124609;0.243214472;-4.939040349;7.85E-07;5.25E-06;9743
DUF1636 domain-containing protein_2;CP080275;2659138;2659563;+;426;737.9833928;1.813071121;0.250094669;7.249539271;4.18E-13;5.81E-12;-3
ABC transporter ATP-binding protein_31;CP080275;2659560;2660345;+;786;565.7625717;1.761124385;0.131754562;13.36670517;9.46E-41;5.47E-39;15
ABC transporter substrate-binding protein_22;CP080275;2660360;2661340;+;981;3899.484142;1.971816741;0.135588632;14.54264061;6.50E-48;4.97E-46;2
iron ABC transporter permease_3;CP080275;2661342;2662433;+;1092;1294.032049;1.639859956;0.178123735;9.206296699;3.38E-20;7.54E-19;32507
hypothetical protein_366;CP080275;2694940;2695317;+;378;261.8786707;1.015327187;0.157950381;6.428140152;1.29E-10;1.40E-09;19958
FAD-dependent oxidoreductase_7;CP080275;2715275;2716564;+;1290;883.5243025;-1.13222051;0.163627188;-6.919513356;4.53E-12;5.81E-11;-3
DUF1365 domain-containing protein;CP080275;2716561;2717313;+;753;645.6011465;-1.041475104;0.232093802;-4.48730253;7.21E-06;4.15E-05;0
cyclopropane-fatty-acyl-phospholipid synthase family protein_2;CP080275;2717313;2718470;+;1158;2361.884979;-1.123661073;0.164537124;-6.829225197;8.54E-12;1.04E-10;-7
chalcone isomerase family protein;CP080275;2718463;2719026;+;564;599.7132795;-1.082602721;0.157519268;-6.872827288;6.29E-12;7.80E-11;0
MFS transporter_18;CP080275;2719026;2720249;+;1224;444.3529705;-1.030035277;0.183440438;-5.615093861;1.96E-08;1.64E-07;8931
formate dehydrogenase subunit alpha_2;CP080275;2729180;2732155;-;2976;694.8454034;-1.306333892;0.207106616;-6.307543044;2.83E-10;2.90E-09;108
twin-arginine translocation pathway signal protein;CP080275;2732263;2732454;-;192;229.8671468;-1.914084954;0.18150905;-10.54539679;5.33E-26;1.58E-24;60
molecular chaperone TorD family protein;CP080275;2732514;2733161;-;648;141.4319919;-2.274630297;0.188788169;-12.04858499;1.97E-33;8.37E-32;47
DUF3306 domain-containing protein;CP080275;2733208;2733939;-;732;130.6035222;-2.253685623;0.259125171;-8.697285602;3.40E-18;6.90E-17;-3
DUF3305 domain-containing protein;CP080275;2733936;2734511;-;576;102.8866515;-2.401964669;0.247944389;-9.687513715;3.41E-22;8.62E-21;7105
ABC transporter permease_29;CP080275;2741616;2742320;-;705;143.1896466;-1.566663785;0.192975654;-8.118453029;4.72E-16;7.94E-15;22157
maleylacetate reductase;CP080275;2764477;2765538;+;1062;14.25370584;-1.158026639;0.468689334;-2.470776599;0.013482001;0.036506582;8664
bifunctional GNAT family N-acetyltransferase/class I SAM-dependent methyltransferase;CP080275;2774202;2775497;+;1296;564.9694969;2.171875257;0.19319746;11.24173814;2.54E-29;8.37E-28;4968
hypothetical protein_372;CP080275;2780465;2781316;+;852;2465.36971;-1.326556809;0.185313193;-7.158458548;8.16E-13;1.10E-11;42697
FAD-dependent oxidoreductase_8;CP080275;2824013;2826523;-;2511;502.5389291;-1.21149921;0.255352203;-4.744424357;2.09E-06;1.33E-05;644
FAD-binding protein_1;CP080275;2827167;2828570;-;1404;1221.570336;1.264849258;0.126422962;10.00490132;1.45E-23;3.93E-22;8393
ABC transporter substrate-binding protein_25;CP080275;2836963;2837982;+;1020;984.5822681;1.266531994;0.19368926;6.538989265;6.19E-11;7.00E-10;52
ABC transporter ATP-binding protein_36;CP080275;2838034;2838801;+;768;132.0999457;1.15729372;0.259885547;4.453089967;8.46E-06;4.82E-05;35611
2Fe-2S iron-sulfur cluster-binding protein_3;CP080275;2874412;2877627;-;3216;225.0845019;1.014153655;0.176420232;5.748511065;9.00E-09;7.90E-08;2886
class II glutamine amidotransferase;CP080275;2880513;2881292;-;780;183.3951228;-2.123244854;0.174186389;-12.1894992;3.54E-34;1.55E-32;0
aminotransferase class V-fold PLP-dependent enzyme_3;CP080275;2881292;2882761;-;1470;411.2722805;-2.451888753;0.242323932;-10.11822783;4.59E-24;1.28E-22;2596
aminotransferase class III-fold pyridoxal phosphate-dependent enzyme_2;CP080275;2885357;2886754;+;1398;3206.796612;-1.386697773;0.160509214;-8.639365561;5.65E-18;1.12E-16;6848
TSUP family transporter_1;CP080275;2893602;2894348;+;747;27.88658667;-1.247559753;0.369518195;-3.376179493;0.000735;0.002848963;21301
MarR family transcriptional regulator_7;CP080275;2915649;2916137;-;489;187.6273261;1.497205025;0.245599562;6.096122526;1.09E-09;1.03E-08;82
DMT family transporter_18;CP080275;2916219;2917088;+;870;278.5718225;3.900785348;0.257788005;15.13175662;1.00E-51;8.68E-50;30855
hypothetical protein_381;CP080275;2947943;2948509;-;567;2709.413056;-1.848327334;0.242665572;-7.616767872;2.60E-14;3.88E-13;762
DMT family transporter_19;CP080275;2949271;2950134;-;864;235.5182561;1.556373832;0.239419309;6.500619515;8.00E-11;8.83E-10;186
XRE family transcriptional regulator_4;CP080275;2950320;2950874;-;555;182.218551;1.317673525;0.205731406;6.404824393;1.51E-10;1.62E-09;150
benzoate/H(+) symporter BenE family transporter;CP080275;2951024;2952229;+;1206;583.870406;2.803261117;0.153524863;18.25932987;1.74E-74;3.92E-72;121
dihydroxy-acid dehydratase_3;CP080275;2952350;2954194;+;1845;1771.513451;1.090984305;0.188433581;5.789755212;7.05E-09;6.23E-08;21881
glycolate oxidase subunit GlcF;CP080275;2976075;2977409;-;1335;228.9576998;1.851002063;0.215684985;8.581969977;9.33E-18;1.79E-16;4
FAD-binding protein_2;CP080275;2977413;2978513;-;1101;47.28923913;2.333342141;0.358930584;6.500817282;7.99E-11;8.83E-10;84
FAD-binding protein_3;CP080275;2978597;2980045;-;1449;307.9234268;2.145031262;0.224135445;9.570245641;1.07E-21;2.64E-20;1849
ribosome silencing factor;CP080275;2981894;2982262;-;369;6658.491007;-1.054557937;0.13779936;-7.652850768;1.97E-14;2.95E-13;14446
cadmium-translocating P-type ATPase_2;CP080275;2996708;2998888;-;2181;720.1472576;-2.989468939;0.213331296;-14.0132695;1.29E-44;9.14E-43;11326
cadmium-translocating P-type ATPase_3;CP080275;3010214;3012394;-;2181;1082.046294;1.645932106;0.292019365;5.636379986;1.74E-08;1.46E-07;4
FixH family protein;CP080275;3012398;3012868;-;471;509.1364608;1.199602103;0.30456802;3.938700133;8.19E-05;0.000394933;-3
cytochrome c oxidase accessory protein CcoG;CP080275;3012865;3014304;-;1440;2160.462491;2.48348135;0.20494709;12.11767069;8.51E-34;3.69E-32;559
transglutaminase family protein;CP080275;3014863;3015636;-;774;156.3632762;-1.444404671;0.215120334;-6.714403266;1.89E-11;2.22E-10;153
cytochrome-c oxidase%2C cbb3-type subunit III;CP080275;3015789;3016658;-;870;3196.725115;1.741917265;0.341593905;5.099380399;3.41E-07;2.43E-06;-3
CcoQ/FixQ family Cbb3-type cytochrome c oxidase assembly chaperone;CP080275;3016655;3016852;-;198;493.4949288;2.088416497;0.335644144;6.2221151;4.90E-10;4.90E-09;13
cytochrome-c oxidase%2C cbb3-type subunit II;CP080275;3016865;3017593;-;729;1385.203502;1.691196299;0.505633216;3.344709654;0.000823687;0.003147987;15
cytochrome-c oxidase%2C cbb3-type subunit I;CP080275;3017608;3019218;-;1611;1335.203899;2.312047754;0.347100414;6.661034279;2.72E-11;3.15E-10;207
universal stress protein_6;CP080275;3019425;3020264;+;840;1574.667604;3.011826297;0.337966151;8.911621155;5.03E-19;1.05E-17;13054
hypothetical protein_392;CP080275;3033318;3033731;+;414;2678.48475;2.439815064;0.223461072;10.9183002;9.42E-28;2.90E-26;120
dual specificity protein phosphatase family protein;CP080275;3033851;3034402;-;552;126.6481741;1.292328471;0.187710043;6.884706075;5.79E-12;7.20E-11;8816
30S ribosomal protein S21;CP080275;3043218;3043424;+;207;18527.45776;1.407267443;0.366019059;3.844792806;0.000120654;0.000561094;3842
alanine dehydrogenase;CP080275;3047266;3048381;+;1116;16542.5942;-1.269700445;0.168858284;-7.519325763;5.51E-14;7.93E-13;33949
hypothetical protein_398;CP080275;3082330;3082479;+;150;65.61125094;-1.034891267;0.265358023;-3.899981065;9.62E-05;0.000459116;12
hypothetical protein_399;CP080275;3082491;3083259;+;769;504.3811282;-1.826661671;0.252752808;-7.227067765;4.94E-13;6.78E-12;5497
FAD-dependent oxidoreductase_10;CP080275;3088756;3090177;-;1422;425.7906705;1.022011384;0.157135905;6.503996534;7.82E-11;8.71E-10;11094
ferredoxin;CP080275;3101271;3102014;+;744;117.4957272;-1.591572867;0.307019862;-5.183941061;2.17E-07;1.61E-06;712
DUF411 domain-containing protein;CP080275;3102726;3103184;+;459;32.75643778;-1.217417312;0.342925307;-3.550094693;0.000385093;0.00162642;17321
DUF1127 domain-containing protein_4;CP080275;3120505;3120720;-;216;20289.94352;-1.413294159;0.251241271;-5.625246823;1.85E-08;1.55E-07;31327
50S ribosomal protein L7/L12;CP080275;3152047;3152421;-;375;21238.77724;1.06925314;0.26036248;4.106786579;4.01E-05;0.000205059;1748
50S ribosomal protein L11;CP080275;3154169;3154594;-;426;14985.31033;1.102238947;0.173793752;6.342224228;2.26E-10;2.38E-09;358
DUF6525 family protein;CP080275;3154952;3155182;+;231;107.684501;4.350729436;0.265801076;16.36836655;3.22E-60;4.09E-58;22096
phosphoenolpyruvate carboxykinase;CP080275;3177278;3178876;+;1599;4843.392512;1.231359031;0.157599751;7.813204143;5.58E-15;8.62E-14;40645
elongation factor G_2;CP080275;3219521;3221515;-;1995;147.8730328;-2.029628359;0.217998651;-9.310279436;1.27E-20;2.97E-19;13789
homogentisate 1%2C2-dioxygenase;CP080275;3235304;3236665;+;1362;229.0202469;-1.148449514;0.180286053;-6.370151743;1.89E-10;2.01E-09;107
fumarylacetoacetase;CP080275;3236772;3238028;+;1257;364.9255679;-1.236497804;0.201906999;-6.124095784;9.12E-10;8.71E-09;1118
FAD-dependent oxidoreductase_11;CP080275;3239146;3240765;+;1620;181.2259254;1.755467987;0.28125468;6.241560087;4.33E-10;4.34E-09;-3
DUF2783 domain-containing protein;CP080275;3240762;3240992;+;231;35.90340958;1.75886404;0.431413124;4.076983159;4.56E-05;0.000231023;-3
VOC family protein_12;CP080275;3240989;3241531;+;543;54.79575697;1.494171966;0.395031741;3.78240989;0.000155317;0.000706796;1530
oxygen-independent coproporphyrinogen III oxidase;CP080275;3243061;3244416;+;1356;822.3037905;5.6164089;0.311023187;18.05784626;6.84E-73;1.31E-70;40511
DUF2938 domain-containing protein;CP080275;3284927;3285478;-;552;1325.652187;2.469044372;0.205228778;12.03069276;2.45E-33;1.03E-31;288
GTP-binding protein;CP080275;3285766;3286632;+;867;634.3892651;1.011612521;0.133345035;7.586428096;3.29E-14;4.83E-13;1952
AMP-binding protein_6;CP080275;3288584;3289801;-;1218;424.8049159;1.298560435;0.190834918;6.804626999;1.01E-11;1.23E-10;15
ABC transporter ATP-binding protein_39;CP080275;3289816;3290652;-;837;143.5596511;1.460926814;0.209182096;6.983995474;2.87E-12;3.78E-11;158
ABC transporter substrate-binding protein_28;CP080275;3290810;3292093;-;1284;311.9587909;1.268054532;0.246176905;5.150989002;2.59E-07;1.90E-06;91
branched-chain amino acid ABC transporter permease_9;CP080275;3292184;3293260;-;1077;234.9041001;1.649054761;0.176049303;9.36700534;7.46E-21;1.77E-19;4
hypothetical protein_408;CP080275;3293264;3293521;-;258;60.532916;1.382689657;0.322553519;4.286698412;1.81E-05;9.75E-05;1566
ABC transporter ATP-binding protein_40;CP080275;3295087;3295896;-;810;135.803066;1.649882616;0.258448478;6.38379698;1.73E-10;1.85E-09;98
AMP-binding protein_7;CP080275;3295994;3297937;-;1944;246.0386321;2.019015711;0.2104331;9.594572853;8.43E-22;2.10E-20;7196
DUF3775 domain-containing protein;CP080275;3305133;3305456;-;324;105.9556006;2.614781827;0.320510807;8.158170562;3.40E-16;5.75E-15;33360
aldehyde dehydrogenase family protein_9;CP080275;3338816;3340255;+;1440;11814.98124;1.071186922;0.148546503;7.211121782;5.55E-13;7.54E-12;59432
ACP S-malonyltransferase_2;CP080275;3399687;3400721;-;1035;379.2409807;1.273348333;0.176153698;7.228621082;4.88E-13;6.73E-12;-3
thiamine pyrophosphate-dependent enzyme_2;CP080275;3400718;3402907;-;2190;498.6220419;1.255025287;0.131818836;9.520834241;1.72E-21;4.23E-20;9792
urease subunit gamma;CP080275;3412699;3413001;+;303;4.288777793;3.094276015;1.20471138;2.56847911;0.010214587;0.028824311;10721
TonB family protein_2;CP080275;3423722;3424567;-;846;1211.768861;-2.048855325;0.299656364;-6.837349614;8.07E-12;9.90E-11;-3
biopolymer transporter ExbD_3;CP080275;3424564;3425336;-;773;717.6448733;-2.139721994;0.246557844;-8.678377308;4.01E-18;8.07E-17;-10
MotA/TolQ/ExbB proton channel family protein_2;CP080275;3425326;3425982;-;657;763.8813743;-2.01252045;0.269740533;-7.460949333;8.59E-14;1.22E-12;-3
hypothetical protein_412;CP080275;3425979;3426410;-;432;1032.148372;-2.031337332;0.268728695;-7.559063736;4.06E-14;5.92E-13;28
TonB-dependent receptor_2;CP080275;3426438;3428486;-;2049;8456.711432;-1.882431734;0.301231994;-6.249109559;4.13E-10;4.15E-09;234
hemin-degrading factor;CP080275;3428720;3429772;+;1053;9142.537018;-1.760347962;0.255109595;-6.900359668;5.19E-12;6.58E-11;0
ABC transporter substrate-binding protein_29;CP080275;3429772;3430641;+;870;3845.375628;-1.820560306;0.250300504;-7.273498353;3.50E-13;4.88E-12;2
iron ABC transporter permease_5;CP080275;3430643;3431728;+;1086;1900.295508;-1.620618141;0.260638024;-6.217888372;5.04E-10;5.01E-09;13
heme ABC transporter ATP-binding protein;CP080275;3431741;3432517;+;777;2168.527405;-1.651603563;0.3238641;-5.099680901;3.40E-07;2.43E-06;248
hypothetical protein_413;CP080275;3432765;3433154;+;390;571.3964954;-1.714813482;0.269598799;-6.36061246;2.01E-10;2.13E-09;9657
hypothetical protein_418;CP080275;3442811;3445858;+;3048;1647.442015;-1.198088522;0.153293023;-7.815675479;5.47E-15;8.48E-14;5688
helix-turn-helix domain-containing protein_30;CP080275;3451546;3451893;+;348;976.2427167;-1.694640472;0.292670388;-5.79026968;7.03E-09;6.23E-08;2
tyrosine-type recombinase/integrase_3;CP080275;3451895;3453004;+;1110;490.5694784;-1.396688685;0.214541389;-6.510113009;7.51E-11;8.38E-10;46326
L-threonine 3-dehydrogenase;CP080275;3499330;3500358;-;1029;380.6864287;1.434434134;0.308316515;4.652472594;3.28E-06;2.02E-05;2027
acetyl-CoA C-acyltransferase family protein;CP080275;3502385;3503560;+;1176;1444.364699;1.18467463;0.200547482;5.907202713;3.48E-09;3.16E-08;5271
aspartate aminotransferase family protein_4;CP080275;3508831;3510225;-;1395;6593.318906;1.498338571;0.174030826;8.609615924;7.33E-18;1.43E-16;14829
DNA repair protein RadC;CP080275;3525054;3525818;+;765;115.3283235;-1.181546592;0.182605749;-6.47047861;9.77E-11;1.07E-09;1586
hypothetical protein_419;CP080275;3527404;3528333;-;930;1467.468826;-1.228627845;0.151357305;-8.117400388;4.76E-16;7.98E-15;16000
ComF family protein;CP080275;3544333;3545061;-;729;50.84885539;-1.306518237;0.287308162;-4.547445594;5.43E-06;3.21E-05;24825
peptide-methionine (S)-S-oxide reductase MsrA_2;CP080275;3569886;3570551;+;666;447.5511878;1.343587594;0.243238229;5.523751759;3.32E-08;2.69E-07;39420
PAS-domain containing protein_3;CP080275;3609971;3611521;-;1551;7503.862117;-1.588950973;0.132135544;-12.02515937;2.62E-33;1.09E-31;14993
choline dehydrogenase_3;CP080275;3626514;3628130;+;1617;178.2805932;1.267097886;0.210119316;6.030373179;1.64E-09;1.53E-08;4157
flagellar hook-associated protein FlgK;CP080275;3632287;3633735;+;1449;3000.24619;-1.025139502;0.185057582;-5.539570407;3.03E-08;2.49E-07;2547
flagellar type III secretion system pore protein FliP;CP080275;3636282;3637025;-;744;896.8777002;-1.185580654;0.142374237;-8.327213398;8.28E-17;1.48E-15;882
flagellar M-ring protein FliF;CP080275;3637907;3639592;-;1686;3282.742412;-1.04862639;0.166093456;-6.31347203;2.73E-10;2.81E-09;1842
flagellar motor stator protein MotA;CP080275;3641434;3642303;+;870;868.1160631;-1.010000759;0.243259025;-4.151955953;3.30E-05;0.00017031;2724
transglycosylase SLT domain-containing protein;CP080275;3645027;3645701;+;675;697.1674556;-1.311772751;0.23084447;-5.682495875;1.33E-08;1.15E-07;13
flagellar biosynthesis protein FlhA;CP080275;3645714;3647807;+;2094;1479.118109;-1.285085947;0.139348048;-9.222130932;2.91E-20;6.62E-19;-3
flagellar biosynthetic protein FliR;CP080275;3647804;3648583;+;780;139.152782;-1.05445691;0.209524646;-5.032615156;4.84E-07;3.41E-06;-3
flagellar type III secretion system protein FlhB;CP080275;3648580;3649659;+;1080;408.2645741;-1.1585963;0.162183502;-7.143737081;9.08E-13;1.22E-11;0
hypothetical protein_427;CP080275;3649659;3650060;+;402;189.7068834;-1.017904053;0.178427706;-5.704854235;1.16E-08;1.01E-07;1314
flagellar basal body P-ring formation protein FlgA;CP080275;3651374;3651790;-;417;673.1768129;-1.143549825;0.167087584;-6.844014347;7.70E-12;9.48E-11;1512
flagellar biosynthetic protein FliQ;CP080275;3653302;3653574;-;273;525.2738925;-1.20844547;0.207165339;-5.833241587;5.44E-09;4.85E-08;346
flagellar basal body rod protein FlgC;CP080275;3653920;3654312;-;393;815.8691892;-1.102711879;0.128561598;-8.577303767;9.71E-18;1.85E-16;5276
flagellar hook-length control protein FliK;CP080275;3659588;3661192;+;1605;3365.832237;-1.406912392;0.167982106;-8.375370617;5.51E-17;1.00E-15;5
flagellar hook assembly protein FlgD;CP080275;3661197;3661889;+;693;1590.110989;-1.15983791;0.163578227;-7.090417407;1.34E-12;1.77E-11;13577
NAD(P)-dependent oxidoreductase_5;CP080275;3675466;3676911;+;1446;2509.825041;-1.19491862;0.091829636;-13.01234188;1.04E-38;5.60E-37;13311
YciI family protein_2;CP080275;3690222;3690536;+;315;1191.242384;1.487358351;0.327245055;4.545090383;5.49E-06;3.23E-05;9344
urocanate hydratase;CP080275;3699880;3701559;-;1680;2254.703029;1.7390377;0.249133122;6.980355274;2.94E-12;3.86E-11;-3
N-formylglutamate deformylase;CP080275;3701556;3702341;-;786;455.6254829;1.786657527;0.224948814;7.942506981;1.98E-15;3.18E-14;-3
histidine ammonia-lyase;CP080275;3702338;3703861;-;1524;992.7586838;1.436761879;0.185464457;7.746831392;9.42E-15;1.43E-13;6
imidazolonepropionase;CP080275;3703867;3705081;-;1215;442.2576213;1.581678679;0.183851641;8.603016383;7.76E-18;1.50E-16;0
ABC transporter substrate-binding protein_4;CP080276;33295;34881;+;1587;196.5417421;2.223782881;0.280661472;7.923363568;2.31E-15;3.69E-14;69
ABC transporter permease_1;CP080276;34950;36754;+;1805;33.31097103;1.666066048;0.337197998;4.940913222;7.78E-07;5.22E-06;28
ABC transporter ATP-binding protein_2;CP080276;36782;37780;+;999;27.88274934;1.165342382;0.396775822;2.937029725;0.003313723;0.010923524;988
M24 family metallopeptidase_1;CP080276;38768;40570;+;1803;72.11861221;1.059066581;0.255588522;4.143639043;3.42E-05;0.00017637;13595
ATP-binding cassette domain-containing protein_3;CP080276;54165;54947;+;783;5816.11344;1.173315962;0.114158418;10.27796268;8.86E-25;2.52E-23;26964
amidohydrolase_1;CP080276;81911;83038;-;1128;252.0602887;-1.38036604;0.241679676;-5.711552016;1.12E-08;9.76E-08;-7
pyridoxal-phosphate dependent enzyme_1;CP080276;83031;84056;-;1026;310.9846444;-1.642765304;0.173355402;-9.476285635;2.63E-21;6.45E-20;1896
NAD(P)H-binding protein_1;CP080276;85952;87061;-;1110;6294.495396;1.979756974;0.221346784;8.944141594;3.75E-19;7.91E-18;334
phenylacetic acid degradation bifunctional protein PaaZ_1;CP080276;87395;89527;+;2133;22287.96433;1.757574732;0.112247704;15.65800164;2.93E-55;2.94E-53;35
flavoprotein;CP080276;89562;90143;+;582;17149.61485;1.891475404;0.126810053;14.91581594;2.60E-50;2.21E-48;64
hypothetical protein_66;CP080276;90207;90620;-;414;1089.897372;1.545866466;0.123981937;12.46848137;1.11E-35;5.50E-34;28
hypothetical protein_68;CP080276;90648;91712;-;1065;3156.434965;1.341113818;0.149000359;9.000742188;2.24E-19;4.81E-18;1545
anion permease;CP080276;93257;94714;-;1458;15324.88821;5.145512754;0.113469693;45.34702262;0;0;10483
glutathione S-transferase family protein_1;CP080276;105197;105889;-;693;8298.088228;15.63619817;1.186430022;13.17919969;1.16E-39;6.31E-38;8539
calcium-binding protein_2;CP080276;114428;115351;+;924;1068.077553;-1.025400911;0.211081598;-4.857841325;1.19E-06;7.73E-06;6180
ester cyclase_1;CP080276;121531;122739;+;1209;1529.685494;1.585307715;0.229579641;6.905262628;5.01E-12;6.38E-11;29
extracellular solute-binding protein_1;CP080276;122768;123997;+;1230;3182.241383;1.683537132;0.133837549;12.57895963;2.76E-36;1.40E-34;1113
carbohydrate ABC transporter permease_2;CP080276;125110;125949;+;840;426.837809;1.034744209;0.235984875;4.384790376;1.16E-05;6.44E-05;4
ester cyclase_2;CP080276;125953;126390;+;438;835.4531371;1.284517971;0.233310106;5.505625075;3.68E-08;2.97E-07;11210
tripartite tricarboxylate transporter substrate binding protein_2;CP080276;137600;138565;+;966;535.2554745;1.50503194;0.198279971;7.590438557;3.19E-14;4.70E-13;22
tripartite tricarboxylate transporter TctB family protein_2;CP080276;138587;139090;+;504;76.59095151;1.335580613;0.259084229;5.155005454;2.54E-07;1.87E-06;5
tripartite tricarboxylate transporter permease_2;CP080276;139095;140609;+;1515;166.2434696;1.140210135;0.201560711;5.656906694;1.54E-08;1.31E-07;-7
thiamine pyrophosphate-dependent enzyme_1;CP080276;140602;142494;+;1893;340.4392044;1.377581418;0.15094501;9.126379345;7.08E-20;1.57E-18;10
NAD-dependent succinate-semialdehyde dehydrogenase_2;CP080276;142504;143946;+;1443;287.8982983;1.321689023;0.153250985;8.624342757;6.45E-18;1.28E-16;7
dihydroxy-acid dehydratase_1;CP080276;143953;145695;+;1743;248.4322714;1.054867776;0.150951878;6.988106348;2.79E-12;3.68E-11;14195
ABC transporter permease_10;CP080276;159890;161140;-;1251;648.8559841;1.753830536;0.132162277;13.2702809;3.44E-40;1.96E-38;-3
ATP-binding cassette domain-containing protein_7;CP080276;161137;161832;-;696;289.8212421;1.921956239;0.160560586;11.97028668;5.09E-33;2.09E-31;7
DUF2796 domain-containing protein;CP080276;161839;162435;-;597;493.052045;2.552160969;0.263216801;9.696041289;3.13E-22;7.98E-21;29
transcriptional repressor_1;CP080276;162464;162850;-;387;346.2805875;2.208953208;0.176529242;12.51324244;6.32E-36;3.17E-34;9685
sarcosine oxidase subunit delta_1;CP080276;172535;172843;+;309;12.0768912;-1.641004049;0.560654172;-2.926945219;0.003423092;0.011237711;11407
DUF3726 domain-containing protein;CP080276;184250;184900;+;651;71.43594514;-1.062987134;0.270013676;-3.936789975;8.26E-05;0.000397586;7691
PDR/VanB family oxidoreductase;CP080276;192591;193547;+;957;481.8919285;-4.602926033;0.222129569;-20.7218069;2.20E-95;8.41E-93;81
hypothetical protein_107;CP080276;193628;194377;-;750;6117.732294;-6.064073264;0.212816113;-28.49442732;1.37E-178;1.75E-175;82
MarR family transcriptional regulator_1;CP080276;194459;195016;+;558;421.8188662;-2.59327658;0.307840797;-8.424083512;3.64E-17;6.67E-16;-13
MOSC domain-containing protein_1;CP080276;195003;195704;+;702;883.0695218;-2.452490663;0.166786033;-14.70441273;6.04E-49;4.91E-47;3975
formylglycine-generating enzyme family protein;CP080276;199679;200437;-;759;200.0411497;1.276042889;0.230720335;5.530691041;3.19E-08;2.60E-07;38
copper-containing nitrite reductase;CP080276;200475;201698;-;1224;460.1181005;2.091851505;0.293347401;7.130969968;9.97E-13;1.34E-11;8111
PepSY domain-containing protein_1;CP080276;209809;211197;+;1389;870.807791;1.219507562;0.129877218;9.389695758;6.02E-21;1.44E-19;13603
FAD-binding oxidoreductase_2;CP080276;224800;226101;+;1302;685.0400062;1.147272319;0.137979622;8.314795366;9.19E-17;1.63E-15;-6
zinc ABC transporter substrate-binding protein_1;CP080276;226095;227141;-;1047;1545.290599;4.345185186;0.19695782;22.0615012;7.41E-108;3.14E-105;95
transcriptional repressor_2;CP080276;227236;227718;+;483;292.6065624;2.583833424;0.177598335;14.54874798;5.95E-48;4.63E-46;-3
metal ABC transporter ATP-binding protein_1;CP080276;227715;228491;+;777;389.3116307;2.331501643;0.117448657;19.85124141;1.08E-87;3.42E-85;0
metal ABC transporter permease_1;CP080276;228491;229288;+;798;426.2959611;2.019215863;0.143683997;14.05317156;7.37E-45;5.31E-43;0
DUF3299 domain-containing protein_1;CP080277;7411;7974;+;564;740.5427836;-1.675953303;0.145625068;-11.50868686;1.19E-30;4.22E-29;16598
ABC transporter substrate-binding protein_3;CP080277;24572;25150;-;579;277.4230948;-1.422237283;0.206364702;-6.891863131;5.51E-12;6.92E-11;3
hypothetical protein_25;CP080277;25153;26490;-;1338;425.8265916;-1.98295913;0.129909642;-15.26414125;1.33E-52;1.23E-50;-3
M23 family metallopeptidase_1;CP080277;26487;27434;-;948;387.2635681;-1.827473728;0.196441691;-9.302881279;1.37E-20;3.14E-19;78
hypothetical protein_26;CP080277;27512;28395;+;884;885.3428093;-1.157740113;0.171133643;-6.765122819;1.33E-11;1.59E-10;584
IS1380 family transposase_1;CP080277;28979;30325;+;1347;3216.661897;-1.035356158;0.251032481;-4.12439121;3.72E-05;0.000191011;5243
hypothetical protein_32;CP080277;35568;36374;+;807;328.2461824;-1.506694019;0.185739081;-8.111884759;4.98E-16;8.31E-15;2975
type IV secretory system conjugative DNA transfer family protein;CP080277;39349;41742;-;2394;984.5312816;-1.283074887;0.141286478;-9.081370722;1.07E-19;2.37E-18;4
DotA/TraY family protein;CP080277;41746;43953;-;2208;282.2059401;-1.401391794;0.159842519;-8.767328025;1.83E-18;3.74E-17;16
hypothetical protein_39;CP080277;43969;45501;-;1533;454.6922431;-1.4452121;0.122511701;-11.79652304;4.07E-32;1.57E-30;2
hypothetical protein_40;CP080277;45503;48996;-;3494;1396.708814;-1.712420797;0.154570334;-11.07858638;1.59E-28;5.16E-27;27
hypothetical protein_41;CP080277;49023;49657;-;635;819.8671278;-1.764887203;0.151838313;-11.62346425;3.13E-31;1.16E-29;7684
hypothetical protein_43;CP080277;57341;58570;-;1230;1490.164109;-2.526970518;0.148305518;-17.03895143;4.22E-65;6.20E-63;3699
hypothetical protein_47;CP080277;62269;63186;+;918;162.1382784;-2.218127713;0.179723173;-12.34191271;5.39E-35;2.51E-33;2
hypothetical protein_49;CP080277;63188;63565;+;378;105.5633686;-1.492167581;0.222159532;-6.71664891;1.86E-11;2.19E-10;-3
type IV secretion system DotC family protein;CP080277;63562;64401;+;840;290.2024774;-1.586320795;0.134264803;-11.814867;3.27E-32;1.27E-30;46
Flp pilus assembly complex ATPase component TadA;CP080277;64447;65622;+;1176;309.9205848;-1.837987083;0.185189195;-9.924915356;3.24E-23;8.66E-22;48
DUF882 domain-containing protein_1;CP080277;65670;66209;+;540;137.727926;-1.259424016;0.167515679;-7.518245574;5.55E-14;7.97E-13;12
hypothetical protein_51;CP080277;66221;67029;+;809;292.3291766;-1.153279536;0.131308228;-8.782995162;1.59E-18;3.27E-17;1243
hypothetical protein_54;CP080277;68272;69500;+;1229;829.5121594;-2.837472102;0.118243957;-23.99676212;3.01E-127;1.91E-124;-3
DotI/IcmL family type IV secretion protein;CP080277;69497;70896;+;1400;330.5594381;-2.63759721;0.194285262;-13.57589963;5.57E-42;3.43E-40;11
DotH/IcmK family type IV secretion protein;CP080277;70907;72310;+;1404;884.4809089;-2.363512716;0.106188589;-22.25769026;9.50E-110;4.53E-107;13
DotG/IcmE/VirB10 family protein;CP080277;72323;73813;+;1491;1123.580279;-3.1023916;0.171024642;-18.1400269;1.54E-73;3.09E-71;-3
hypothetical protein_55;CP080277;73810;74049;+;240;61.16826767;-2.374467501;0.282228189;-8.413289658;3.99E-17;7.28E-16;3
hypothetical protein_56;CP080277;74052;77368;+;3317;1644.717796;-2.253578409;0.148839153;-15.14103224;8.68E-52;7.71E-50;41
hypothetical protein_59;CP080277;77409;77798;+;390;818.4574752;-1.912145697;0.206124269;-9.276664561;1.75E-20;4.00E-19;132
hypothetical protein_60;CP080277;77930;78163;+;234;110.8547405;-1.931714598;0.331353699;-5.829766206;5.55E-09;4.94E-08;12736
DUF192 domain-containing protein_1;CP080277;90899;91381;-;483;61.15177877;-1.45564814;0.294692259;-4.939553362;7.83E-07;5.24E-06;1
DUF2513 domain-containing protein;CP080277;91382;91900;-;519;124.0944118;-1.193158702;0.198036526;-6.024942598;1.69E-09;1.58E-08;119
LuxR C-terminal-related transcriptional regulator_2;CP080277;92019;92306;+;288;37.94746747;-1.373099053;0.326066517;-4.211101051;2.54E-05;0.0001342;0
hypothetical protein_70;CP080277;92306;92647;+;342;42.60845684;-1.385458773;0.278161649;-4.980768478;6.33E-07;4.37E-06;0
DUF1272 domain-containing protein;CP080278;11189;11458;-;270;32.21621816;-1.221491367;0.323287408;-3.778345021;0.000157874;0.000717575;8162
ABC transporter substrate-binding protein_2;CP080278;19620;20849;+;1230;752.4902395;1.622235591;0.240343845;6.749644825;1.48E-11;1.76E-10;93
sugar ABC transporter permease_1;CP080278;20942;21874;+;933;118.3617706;1.131072836;0.294490811;3.840774636;0.000122647;0.000569665;38
carbohydrate ABC transporter permease_1;CP080278;21912;22796;+;885;84.17211558;1.190705266;0.237160981;5.020662585;5.15E-07;3.61E-06;1113
sugar phosphate isomerase/epimerase_2;CP080278;23909;24652;+;744;82.09957918;1.260215731;0.247033806;5.101389767;3.37E-07;2.42E-06;10
Gfo/Idh/MocA family oxidoreductase_2;CP080278;24662;25798;+;1137;186.0938273;1.256778806;0.160128824;7.848548288;4.21E-15;6.64E-14;39022
ParB N-terminal domain-containing protein_3;CP080278;64820;65902;-;1083;645.7075699;-1.210566533;0.310662069;-3.89673106;9.75E-05;0.000464157;2180
replication initiation protein;CP080278;68082;69359;+;1278;359.8706769;-1.886313121;0.166868618;-11.30418136;1.25E-29;4.19E-28;5244
Rrf2 family transcriptional regulator_1;CP080278;74603;75052;-;450;309.3039956;-1.367807763;0.158635414;-8.622335498;6.56E-18;1.29E-16;149
NO-inducible flavohemoprotein;CP080278;75201;76391;+;1191;117.8745049;-2.473057708;0.265290764;-9.322064854;1.14E-20;2.67E-19;0
amino acid ABC transporter substrate-binding protein_1;CP080279;6936;7712;+;777;5521.239495;1.118519801;0.18369439;6.089025372;1.14E-09;1.07E-08;9
amino acid ABC transporter permease_1;CP080279;7721;8395;+;675;1335.834706;1.193113167;0.15112724;7.894759163;2.91E-15;4.61E-14;14589
M10 family metallopeptidase C-terminal domain-containing protein_1;CP080279;22984;24435;+;1452;688.5335669;-1.224443112;0.218244535;-5.610418198;2.02E-08;1.68E-07;2550
DUF2793 domain-containing protein;CP080279;26985;28253;+;1269;1777.407239;-4.764962482;0.248378948;-19.18424459;5.01E-82;1.37E-79;-1
