"GeneID","Chr","Start","End","Strand","Length","baseMean","log2FoldChange","lfcSE","stat","pvalue","padj","gap"
"OL67_000009",1,9880,10959,"+",1080,741.867894737631,1.25708953915811,0.166848769804143,7.53430511135174,4.90942131621732e-14,7.1213583927548e-13,12
"OL67_000010",1,10971,11996,"+",1026,587.696262026628,1.26963043588226,0.123656153449105,10.2674262498778,9.88054737182611e-25,2.83528750669793e-23,132
"OL67_000082",1,100175,101416,"+",1242,3210.99177347651,-2.35520726652169,0.149710934702994,-15.7316983638778,9.17175695989817e-56,9.55793620031494e-54,19
"OL67_000170",1,188091,189041,"+",951,649.728613686896,-1.25496684631823,0.193187649432757,-6.49610288236903,8.24272990528567e-11,9.14319619745973e-10,2
"OL67_000171",1,189043,189840,"+",798,474.434713610518,-1.52797799303533,0.186886496187541,-8.17596789605387,2.93500141511916e-16,4.98824274844286e-15,-7
"OL67_000172",1,189833,190609,"+",777,1136.06010801854,-1.13279349329524,0.14793827015927,-7.65720385993211,1.90024870575587e-14,2.86121097900884e-13,-3
"OL67_000173",1,190606,191802,"+",1197,675.78792829338,-1.03947928068553,0.153979766012121,-6.75075243719816,1.47080375249007e-11,1.74382720355111e-10,42
"OL67_000174",1,191844,192971,"+",1128,1085.47217147423,-1.15352778378898,0.127784251705117,-9.02715137739298,1.76198589703339e-19,3.79210008274578e-18,113
"OL67_000175",1,193084,193590,"-",507,3985.7935467342,-3.71305246104409,0.244103394472093,-15.2109824981094,2.99021481912561e-52,2.81934540088986e-50,51
"OL67_000182",1,199374,199778,"-",405,198.236314307962,1.26139568454738,0.149244407218947,8.45187908915655,2.86651376836091e-17,5.32929320314986e-16,80
"OL67_000183",1,199858,201099,"+",1242,2185.91029026378,4.07761581329119,0.206807475469609,19.7169652790932,1.54207873710869e-86,5.08885983245868e-84,63
"OL67_000184",1,201162,201419,"-",258,117.221369852133,4.82725651389078,0.377750536749238,12.7789534210384,2.14942348969698e-37,1.18218291933334e-35,137
"OL67_000190",1,211839,213773,"+",1935,8632.33133308557,-1.29267742291958,0.255205110511457,-5.06524896907011,4.0786693298097e-07,2.91543872672318e-06,22
"OL67_000191",1,213795,215132,"+",1338,2674.29379528424,-1.32370226624673,0.207107750107091,-6.39137002628953,1.64405994598809e-10,1.7595884827332e-09,-13
"OL67_000209",1,234172,235836,"+",1665,27899.387470881,-2.03757304240865,0.239116400642899,-8.52126009311926,1.57826655675071e-17,2.96205477001554e-16,156
"OL67_000224",1,251560,252216,"-",657,70.8947506595665,2.81730735492096,0.315496773497914,8.92975013241962,4.26972066056275e-19,8.89899674517288e-18,196
"OL67_000242",1,268332,268805,"-",474,1613.66793412412,1.43004099600743,0.189346104991023,7.5525239670245,4.26903052513437e-14,6.26124477019707e-13,280
"OL67_000271",1,294724,294963,"-",240,91.1817328207315,-1.60059458755383,0.233350687645324,-6.85918093366245,6.92564771252413e-12,8.54378970143163e-11,-10
"OL67_000272",1,294953,295336,"-",384,152.281720360233,-1.58203887312566,0.204314442888117,-7.74315731556967,9.69779281309304e-15,1.48275133358488e-13,149
"OL67_000273",1,295485,295979,"+",495,467.966669786409,-1.38041331628013,0.16741231407327,-8.24559008052403,1.64347163028293e-16,2.85445072628088e-15,158
"OL67_000282",1,304983,305129,"+",147,578.588257532249,-4.32608993133675,0.196898542303942,-21.9711628167302,5.43589457892735e-107,2.39179361472803e-104,75
"OL67_000283",1,305204,305926,"-",723,7593.9087135503,-1.10814439628572,0.184624274722811,-6.00215978071923,1.94709948014803e-09,1.82281653460667e-08,206
"OL67_000288",1,310049,310612,"-",564,1149.90999703769,1.00886053712692,0.104148482016658,9.68675219832356,3.43271075231499e-22,8.54939281708638e-21,23
"OL67_000305",1,328688,329572,"-",885,13124.3182480801,-1.08378008611356,0.152989874970055,-7.08399877002116,1.40053151075946e-12,1.84255972844102e-11,17
"OL67_000307",1,329954,331147,"-",1194,14821.1639719217,-1.16837760667048,0.180215290642101,-6.48323237449823,8.97780594922366e-11,9.90309514176203e-10,614
"OL67_000309",1,332887,333642,"+",756,336.108169058545,-1.40647466474996,0.133067932129322,-10.5695988676151,4.12254157028199e-26,1.24620340597837e-24,111
"OL67_000310",1,333753,334082,"-",330,1208.04503449036,-2.85826231156406,0.21594096296135,-13.2363136311272,5.41417487209675e-40,3.20001977514972e-38,385
"OL67_000322",1,342518,343297,"+",780,3543.32860352733,1.18494719290825,0.210998705767926,5.61589792030078,1.9554408439211e-08,1.64406491336042e-07,213
"OL67_000323",1,343510,343710,"+",201,2604.0449271443,-2.33462405220753,0.205555343650506,-11.3576422327262,6.79539154447397e-30,2.44634095601063e-28,514
"OL67_000326",1,346443,347147,"-",705,1320.18887770794,3.81598316212621,0.207695347071693,18.3729833909519,2.16194706421091e-75,5.03606492604424e-73,24
"OL67_000327",1,347171,347488,"-",318,1628.12015314671,1.69972850603086,0.198182142637179,8.57659768641529,9.77206805012461e-18,1.86943910524123e-16,121
"OL67_000436",1,461400,462566,"-",1167,999.180643061438,1.82939009362587,0.154658670801238,11.8285646976557,2.7785219026009e-32,1.14614028482287e-30,137
"OL67_000453",1,475856,476815,"+",960,538.275493939539,3.00772382354462,0.21715550131712,13.8505531994436,1.26236130309712e-43,8.9266977861868e-42,-9
"OL67_000454",1,476806,477750,"+",945,171.573561585071,3.02491124148806,0.276626586492274,10.934998258284,7.84074872213272e-28,2.48394919517165e-26,0
"OL67_000455",1,477750,479180,"+",1431,215.367291964492,2.82561501946103,0.229556251652829,12.3090310070682,8.0989700880915e-35,3.9594964875114e-33,54
"OL67_000465",1,489077,490810,"-",1734,233.260981666114,1.04280241377982,0.188179227127563,5.5415384030296,2.99825801835641e-08,2.47356286514404e-07,328
"OL67_000471",1,497249,498613,"-",1365,518.675572700305,-1.0456170866076,0.11590079203302,-9.02165609282206,1.85267032114811e-19,3.96571593067379e-18,145
"OL67_000492",1,533957,535384,"+",1428,429.812585049531,-1.3346135064995,0.149101257521926,-8.95105466366202,3.52101949745431e-19,7.41661553719098e-18,106
"OL67_000509",1,553258,553668,"-",411,139.030808327114,1.11213256861838,0.23138650287393,4.80638479256641,1.53683976198455e-06,1.00096800287152e-05,157
"OL67_000516",1,561308,561649,"-",342,601.730893441566,-1.20014001098344,0.16313867339299,-7.35656350528478,1.88705128120275e-13,2.65933205464871e-12,98
"OL67_000521",1,566619,567683,"-",1065,26.8826887153269,1.44495043821501,0.439034254574616,3.29120204894953,0.000997602329826906,0.00376956605545281,131
"OL67_000524",1,570164,570508,"+",345,5935.4707437059,-1.07245720651514,0.12371665449893,-8.66865670478034,4.372480978576e-18,8.74496195715201e-17,205
"OL67_000541",1,584617,586293,"+",1677,4173.49619390048,-1.25052410790692,0.182221048538298,-6.86267650163416,6.75821565241779e-12,8.37285366349762e-11,61
"OL67_000552",1,595965,596933,"-",969,1738.55505119143,-1.19672849950003,0.156075796802055,-7.66761101990586,1.75229335796967e-14,2.64850446471751e-13,0
"OL67_000553",1,596933,598378,"-",1446,1773.72520943033,-1.03078122653511,0.156126531866701,-6.60221689555736,4.05054297941979e-11,4.60923856278804e-10,30
"OL67_000554",1,598408,599640,"-",1233,2125.5205983565,-1.10434758191633,0.115333507090009,-9.57525362559624,1.01607611288073e-21,2.5147883793798e-20,205
"OL67_000557",1,602125,602985,"-",861,2744.24167136117,-1.14596412254978,0.202298653733976,-5.6647145267547,1.47269509611e-08,1.25958371071179e-07,151
"OL67_000558",1,603136,603312,"-",177,734.968606503011,-1.35208551394074,0.254901983600943,-5.3043350029691,1.13084473387666e-07,8.67857586463486e-07,91
"OL67_000563",1,606218,606937,"-",720,2067.21235298145,1.21590003399709,0.193731551804061,6.27621067747831,3.4692403013543e-10,3.54077102921727e-09,254
"OL67_000565",1,610007,611245,"-",1239,2584.20107701432,-1.11796949917864,0.242606557129253,-4.608158626904,4.06250688535692e-06,2.48648025749821e-05,296
"OL67_000569",1,615067,615249,"+",183,292.095707848178,1.11063094429761,0.2498880901298,4.44451331682398,8.80910518777297e-06,5.04834392815933e-05,0
"OL67_000601",1,636621,636824,"-",204,48.3772887500809,-3.32012646663464,1.20041580439783,-2.76581369094864,0.00567809646866547,0.0176078794173181,0
"OL67_000625",1,656530,656736,"+",207,21.0472205137242,-3.42138649793502,1.17150603310296,-2.92050267028743,0.00349467202296042,0.0114966735427296,5
"OL67_000648",1,682426,682884,"+",459,14.3941614822041,1.19620189500061,0.428367408274851,2.79246710158934,0.00523077863395409,0.0163358701817494,2
"OL67_000654",1,686819,688837,"-",2019,1304.29499141244,-2.17565331955109,0.182676504008792,-11.9098694785968,1.05141711612643e-32,4.47700191382868e-31,60
"OL67_000732",1,749145,751442,"-",2298,4334.71200009644,1.11037476144005,0.101247514201718,10.9669335607372,5.51097982322714e-28,1.78880984426061e-26,187
"OL67_000743",1,761098,761736,"+",639,101.301200621027,-1.97095549445837,0.238718165603719,-8.25641186322714,1.50116986175387e-16,2.61878090420499e-15,165
"OL67_000771",1,790770,792689,"-",1920,210.974157622913,1.07398041671083,0.175841892957612,6.10764817556712,1.0110992873736e-09,9.74197853527847e-09,9
"OL67_000772",1,792698,793570,"-",873,90.8993091218236,1.18234912001575,0.241755978346253,4.89067169343105,1.00492458051174e-06,6.66583138831909e-06,-10
"OL67_000773",1,793560,794171,"-",612,87.6051368945007,1.42461117721894,0.216317357226838,6.58574603296876,4.52606916354742e-11,5.1063344409253e-10,-3
"OL67_000774",1,794168,795136,"-",969,132.387527351507,1.10500874602474,0.18395036986235,6.00710260518435,1.88868001100066e-09,1.77485211089532e-08,-3
"OL67_000775",1,795133,795903,"-",771,239.10447834981,1.32653965563908,0.211048868341206,6.28546206414357,3.26879981430474e-10,3.37094980850176e-09,0
"OL67_000776",1,795903,797618,"-",1716,323.834488013298,1.29501399684175,0.180739329420401,7.16509240680833,7.77341019915845e-13,1.04348150470059e-11,-3
"OL67_000777",1,797615,799714,"-",2100,308.11060995914,1.09593466761814,0.204205492336891,5.36682267982344,8.01357697140796e-08,6.30889956397128e-07,-3
"OL67_000778",1,799711,800559,"-",849,149.661007699165,1.4259425580705,0.25970133603728,5.4907016645683,4.00340089423336e-08,3.23540153901308e-07,0
"OL67_000779",1,800559,801506,"-",948,126.49898624026,1.07316608120896,0.296494054445769,3.61951973443449,0.000295150302356309,0.00128298045810207,147
"OL67_000780",1,801653,802903,"-",1251,1569.31648750687,1.08451098063481,0.241130318682652,4.49761351687223,6.87204714878805e-06,3.99350738099081e-05,135
"OL67_000782",1,803848,804909,"+",1062,781.538561492748,1.00540056275216,0.190028990853432,5.29077462463411,1.21799382372964e-07,9.31130413507597e-07,66
"OL67_000850",1,874186,874851,"-",666,40.8840828555089,-1.05329762415178,0.296153327090672,-3.55659561382976,0.000375691783577695,0.00158270155634859,132
"OL67_000852",1,876110,876604,"+",495,13.2113478085908,1.4112066140542,0.467005878906575,3.02181766396246,0.00251261848065601,0.00857755964086017,2
"OL67_000853",1,876606,878123,"+",1518,67.80389807536,1.16567935475216,0.248624333004872,4.68851677011565,2.7519236693822e-06,1.72158257989787e-05,55
"OL67_000863",1,886120,886797,"-",678,4420.75985193502,1.89680974257738,0.191561347571748,9.90183962799149,4.08687172027916e-23,1.06473763238852e-21,447
"OL67_000865",1,888005,889324,"-",1320,229.420870367848,1.15878290240964,0.190635064159388,6.07854020727686,1.21281573860245e-09,1.1572892349074e-08,-7
"OL67_000866",1,889317,890111,"-",795,292.345132324355,1.13681897528585,0.135745720430999,8.37462110537549,5.54018244976534e-17,1.01101947009543e-15,-3
"OL67_000886",1,909854,911122,"-",1269,39130.0308788388,-1.0748560441308,0.142647152563237,-7.53506834743377,4.88079113738999e-14,7.11333328924989e-13,83
"OL67_000887",1,911205,911711,"-",507,9793.65601426578,-2.63023499105174,0.229465541216975,-11.4624399685558,2.03694147999776e-30,7.4912811658146e-29,-3
"OL67_000888",1,911708,911926,"-",219,53004.4825006387,-2.81511526990022,0.255957873991082,-10.9983538541123,3.89171223102715e-28,1.30603224024301e-26,284
"OL67_000896",1,920263,921180,"+",918,61.7792390622537,-1.11001884862903,0.422478953554023,-2.62739442826964,0.00860415360052538,0.0251271742316228,62
"OL67_000906",1,928618,929121,"+",504,653.555036882339,1.83719729306995,0.259806504743057,7.07140606385855,1.53371611114603e-12,2.01109794706565e-11,14
"OL67_000909",1,930260,930739,"+",480,298.333328600535,1.02883674914415,0.195260078889953,5.26905835024266,1.37125373759155e-07,1.04026145610394e-06,261
"OL67_000910",1,931000,932430,"-",1431,1167.93383585773,-1.09136870092375,0.224824258255291,-4.85431914417565,1.20801057996958e-06,7.90697834161908e-06,116
"OL67_000926",1,947359,947958,"-",600,942.376439852524,-1.22050993109333,0.215206247799402,-5.67134989608199,1.4167670346953e-08,1.21437174402454e-07,4
"OL67_000927",1,947962,948522,"-",561,453.828194172146,-1.45609246140041,0.17518117274069,-8.31192324277777,9.41633286955927e-17,1.67967018754301e-15,-3
"OL67_000928",1,948519,950201,"-",1683,2738.70561557171,-1.21946500830206,0.185584382953237,-6.57094626657963,4.99965009207467e-11,5.62460635358401e-10,359
"OL67_000929",1,950560,951990,"+",1431,10994.1961527309,-1.17549163329414,0.163737918500674,-7.17910453521065,7.01694806292823e-13,9.51613504424513e-12,438
"OL67_000959",1,981912,982691,"-",780,744.054285478723,-2.23710624683466,0.184665670941342,-12.1143590762209,8.86544242439357e-34,4.035304827655e-32,-3
"OL67_000960",1,982688,983656,"-",969,1277.31761818942,-2.17764876007451,0.164282970620117,-13.2554746962181,4.19454353416447e-40,2.55544498389097e-38,-3
"OL67_000961",1,983653,984246,"-",594,904.108879367651,-2.06871171975431,0.181826917453193,-11.377367821719,5.42113145155324e-30,1.96951197689457e-28,24
"OL67_000962",1,984270,985037,"-",768,1345.54887176801,-2.24458103180573,0.21393525514264,-10.4918706844703,9.4145688342224e-26,2.82437065026672e-24,4
"OL67_000963",1,985041,985238,"-",198,256.495698914658,-1.83516895162038,0.220567689027465,-8.32020755039903,8.7809413616423e-17,1.57341754715401e-15,-31
"OL67_000964",1,985207,986181,"-",975,2555.1992653064,-2.48596225709518,0.22149520613794,-11.2235488092099,3.12474115845322e-29,1.08543640241007e-27,-3
"OL67_000965",1,986178,987986,"-",1809,16016.6202061064,-2.47960747383344,0.152387132090143,-16.2717641563505,1.56580734237522e-59,1.93768658618934e-57,462
"OL67_000982",1,1000648,1001034,"+",387,126.622850305332,1.55119224804358,0.229462827221241,6.76010257011244,1.37894083491298e-11,1.64476075489621e-10,117
"OL67_000984",1,1001578,1002114,"-",537,139.593056816938,-1.28921926259459,0.189233590659583,-6.8128457431947,9.56867292293404e-12,1.16232959431959e-10,82
"OL67_000998",1,1014914,1016707,"-",1794,2176.05038518506,-1.20089962391274,0.186402875861462,-6.44249515122968,1.17525120316529e-10,1.27506705877659e-09,92
"OL67_001000",1,1019663,1019881,"-",219,8647.80015751415,-1.29335572100081,0.309627818151636,-4.17713023565409,2.95210015540824e-05,0.000155914254965753,320
"OL67_001043",1,1072404,1074536,"+",2133,1146.93774906635,1.32321533907666,0.225097088935606,5.87842048661584,4.14199681403073e-09,3.76199710632149e-08,76
"OL67_001044",1,1074612,1075037,"+",426,77.6723937215865,1.09099483694923,0.308691639976738,3.53425456235695,0.00040892702693212,0.00171541422314745,219
"OL67_001082",1,1114680,1115840,"+",1161,2371.30238265856,2.55582945263857,0.193924447577061,13.1795113229493,1.15134174497529e-39,6.60770044942339e-38,146
"OL67_001083",1,1115986,1116588,"-",603,4437.24973809071,4.41660115581731,0.27214243953257,16.2290055288813,3.14513682526335e-59,3.77416419031601e-57,165
"OL67_001084",1,1116753,1118306,"+",1554,885.110007933753,2.02613878628318,0.160442754192049,12.6284218722517,1.47200794308065e-36,7.98513897890324e-35,77
"OL67_001085",1,1118383,1119987,"+",1605,1934.99620114591,1.64217609695093,0.245411238797263,6.6915276781906,2.2085271807425e-11,2.57228459874715e-10,10
"OL67_001086",1,1119997,1121934,"+",1938,2139.85795907704,1.86377387141669,0.170290684971779,10.9446613108965,7.04806469549311e-28,2.25083356404457e-26,105
"OL67_001111",1,1144272,1144445,"-",174,5420.67002544645,-1.93386260490591,0.141987763967168,-13.619924357377,3.04883355995405e-42,2.01223014956968e-40,225
"OL67_001147",1,1179702,1180718,"+",1017,309.919184357228,1.06010940546158,0.191511837055766,5.53547718908304,3.10382130157901e-08,2.54474789943124e-07,16
"OL67_001148",1,1180734,1181999,"+",1266,193.624759539819,1.00124339635346,0.192045521467388,5.2135732648339,1.85237321438561e-07,1.3814308717452e-06,124
"OL67_001161",1,1194305,1194541,"+",237,3837.424283721,-1.06684679587913,0.244053301527102,-4.37136801347743,1.234704794864e-05,6.88652251783304e-05,71
"OL67_001162",1,1194612,1195868,"+",1257,3262.77484742338,-1.53484789097303,0.172363295494704,-8.90472583833943,5.35181503321348e-19,1.09809261821375e-17,55
"OL67_001185",1,1217431,1218186,"-",756,1506.23066409834,1.91209071435451,0.204185816525642,9.36446393236325,7.64373149813612e-21,1.79107554630882e-19,73
"OL67_001186",1,1218259,1219281,"-",1023,789.399818127554,-1.01366348479392,0.182329888296246,-5.55950258219289,2.70544594262021e-08,2.24133178509959e-07,201
"OL67_001195",1,1228409,1229305,"+",897,461.481597744396,-1.15371618927216,0.233734189715136,-4.93601809251037,7.97337138614686e-07,5.41587490379787e-06,175
"OL67_001198",1,1231586,1231843,"+",258,385.712889093438,1.67444896591229,0.259283803166938,6.45797749593407,1.06111515967737e-10,1.16077790948132e-09,207
"OL67_001203",1,1235109,1236329,"-",1221,1261.6302467035,-1.04680832981311,0.126362050953634,-8.28419863331608,1.18907008493947e-16,2.10210604301799e-15,171
"OL67_001204",1,1236500,1237810,"-",1311,1499.10945964314,1.04122636977271,0.125988463015367,8.26445806903535,1.40330777248222e-16,2.46982167956871e-15,115
"OL67_001213",1,1245913,1246353,"-",441,949.429616548867,-1.09330757746691,0.227718056521869,-4.80114574208968,1.57760396649912e-06,1.0241494602191e-05,-3
"OL67_001214",1,1246350,1246901,"-",552,1783.6999425106,-1.10009002252069,0.176026835138185,-6.24955860654478,4.11614270112425e-10,4.12656331555747e-09,43
"OL67_001233",1,1268431,1270959,"-",2529,1318.01198899711,-1.12047710786458,0.139831871107998,-8.01303092768595,1.1191548110562e-15,1.83134423627378e-14,517
"OL67_001235",1,1273076,1273258,"+",183,403.087693602855,4.19058289265887,0.246840873186753,16.9768597824088,1.21832782357662e-64,1.78688080791238e-62,30
"OL67_001236",1,1273288,1274046,"-",759,594.247152278924,2.6257413650765,0.210460223339078,12.4761882479147,1.00692790628581e-35,5.17848637518415e-34,145
"OL67_001239",1,1275310,1275987,"+",678,2045.71385809385,1.05786444584833,0.289525385448939,3.65378823072114,0.000258399415156811,0.0011407599598896,79
"OL67_001240",1,1276066,1276350,"+",285,1060.70788868014,1.53227152438003,0.248854277222242,6.15730435290699,7.39935662944337e-10,7.19937401783679e-09,79
"OL67_001255",1,1295545,1296234,"+",690,1806.97240269765,-1.04737534648299,0.150882207055611,-6.94167567483256,3.87475983325613e-12,4.99806154387436e-11,152
"OL67_001256",1,1296386,1298587,"-",2202,5973.28916305799,1.05308684187193,0.279967838828745,3.76145648113567,0.000168926815623914,0.00076451450270937,24
"OL67_001257",1,1298611,1299822,"-",1212,4582.13590917754,1.01002279004564,0.27802020941307,3.63291140661286,0.000280241257568388,0.00122896498335639,11
"OL67_001258",1,1299833,1300471,"-",639,629.520730397887,1.42366857372351,0.186936076886839,7.6158042761608,2.6205452835099e-14,3.88665143172254e-13,282
"OL67_001298",1,1338818,1339669,"+",852,813.057297795052,1.05191534686761,0.159451547305461,6.59708459807201,4.1932151945182e-11,4.75791752730431e-10,100
"OL67_001307",1,1349709,1350068,"+",360,81.1572256840146,-1.03755300179513,0.240636374140631,-4.3117047682441,1.6200064920281e-05,8.86080898954594e-05,26
"OL67_001308",1,1350094,1350321,"-",228,59.46943112618,-1.63726156348424,0.257593932895671,-6.355978749497,2.07103658196033e-10,2.18119810227737e-09,101
"OL67_001316",1,1355184,1355297,"+",114,9.06710498300539,4.06980656371552,1.32984697810892,3.06035704160707,0.00221073272279508,0.00768612957178976,26
"OL67_001317",1,1355323,1356078,"-",756,847.116044565137,2.99152458158911,0.272043774619105,10.9964824072068,3.97330314130323e-28,1.32220844029923e-26,12
"OL67_001318",1,1356090,1356845,"-",756,248.85263393884,2.23056955985052,0.271981559370344,8.20117939250895,2.3803999620136e-16,4.06309648688529e-15,13
"OL67_001319",1,1356858,1358060,"-",1203,555.814720254718,3.18205131990935,0.275790178962228,11.5379428371348,8.49321329179275e-31,3.26535190635915e-29,5
"OL67_001320",1,1358065,1359087,"-",1023,460.152784809613,3.57629061081878,0.259925882000346,13.7588861228295,4.50412965972597e-43,3.12918481623067e-41,153
"OL67_001321",1,1359240,1360586,"-",1347,2904.71992173411,3.2654309407277,0.204987665864845,15.9298898641087,3.93048793835817e-57,4.44706635311382e-55,233
"OL67_001331",1,1369880,1370110,"+",231,259.400763787581,1.34858977694192,0.213960673087895,6.30297969004762,2.91977164631685e-10,3.02677898413998e-09,113
"OL67_001333",1,1370658,1370921,"+",264,562.823226883231,1.08103556833307,0.227140914797681,4.75931678489528,1.94249359153304e-06,1.24672198095151e-05,175
"OL67_001346",1,1382908,1384170,"+",1263,1748.19514988172,-2.81528527591964,0.224141372183419,-12.56031070255,3.48959742878559e-36,1.84250744239879e-34,33
"OL67_001348",1,1384756,1385004,"+",249,22.7388639666657,1.23421666716434,0.47526044168708,2.59692698761781,0.00940619157117295,0.0271886997239744,-99
"OL67_001349",1,1384905,1385600,"-",696,1953.60139006644,1.80575427013437,0.126009387854537,14.3303153906192,1.41476640875162e-46,1.05707075068989e-44,-3
"OL67_001350",1,1385597,1387558,"-",1962,4588.56200426511,1.76020084460604,0.214071597841639,8.2224865995916,1.99326580379138e-16,3.44687012358684e-15,602
"OL67_001352",1,1389263,1389913,"+",651,238.858442034102,1.01284061883299,0.247035425344964,4.09998127765943,4.13183563276699e-05,0.000212770729593723,12
"OL67_001383",1,1419538,1420134,"+",597,942.782583379406,-2.15899579064269,0.19690937358508,-10.964413482885,5.66667727411382e-28,1.82439365898299e-26,70
"OL67_001384",1,1420204,1420389,"-",186,304.425316334411,-2.86679003804665,0.16310595676728,-17.5762436569805,3.74585565324408e-69,6.44938625515068e-67,230
"OL67_001414",1,1450188,1451168,"+",981,3481.84829133648,-3.12411577793114,0.253439651759692,-12.3268626524684,6.49257041491898e-35,3.21382235538489e-33,29
"OL67_001415",1,1451197,1451904,"+",708,6188.62599985424,-3.12422454155843,0.247577883299319,-12.6191584640914,1.65581214379789e-36,8.8608325532968e-35,-3
"OL67_001416",1,1451901,1453043,"+",1143,4296.67386818758,-2.66033575586557,0.269385163064324,-9.87558381316767,5.31227091975343e-23,1.36601252222231e-21,5
"OL67_001417",1,1453048,1454250,"+",1203,2287.76872499824,-2.60442202060728,0.256832093624202,-10.1405629797111,3.64989975817145e-24,1.01785936918021e-22,689
"OL67_001418",1,1454939,1455874,"+",936,1683.5094128597,-2.3889420026262,0.144321542052978,-16.552913505797,1.5253859990604e-61,2.08294088147558e-59,26
"OL67_001419",1,1455900,1456160,"+",261,458.019941133156,-1.53934504579432,0.310822109923478,-4.95249532336454,7.326781779316e-07,5.02843255564842e-06,-7
"OL67_001420",1,1456153,1456833,"+",681,868.44028025406,-2.49089535117462,0.240538476664331,-10.3554964915266,3.95131150704836e-25,1.16770101253071e-23,3
"OL67_001421",1,1456836,1457348,"+",513,373.187512801035,-2.32413218099566,0.23285410543959,-9.98106594087353,1.84474214528177e-23,4.93593168602421e-22,2
"OL67_001422",1,1457350,1458729,"+",1380,942.393957346462,-1.84082638146352,0.17864013533114,-10.3046629361942,6.71265788704537e-25,1.94030111187589e-23,-10
"OL67_001423",1,1458719,1459684,"+",966,762.477602790955,-2.13170128153485,0.183900536348267,-11.5915990451375,4.54566004231298e-31,1.76478566348622e-29,-16
"OL67_001424",1,1459668,1460594,"+",927,1256.51032297273,-1.89883039715915,0.141411745665732,-13.4276710058271,4.16299263616554e-41,2.61673822844691e-39,34
"OL67_001425",1,1460628,1460909,"+",282,874.707370896219,-1.55290343514057,0.195604571985962,-7.93899354894435,2.03828374147012e-15,3.25467887750873e-14,4
"OL67_001426",1,1460913,1463381,"+",2469,4592.24878117881,-1.80427715182901,0.116253437560082,-15.520204732841,2.53241708877645e-54,2.50709291788868e-52,-3
"OL67_001427",1,1463378,1464253,"+",876,1140.97242510324,-1.61729880547189,0.148978116301998,-10.8559488172975,1.86856028081151e-27,5.82637693859337e-26,-3
"OL67_001428",1,1464250,1465263,"+",1014,1211.35302738683,-1.65662085400711,0.242902585598041,-6.8201038285715,9.09747351613668e-12,1.1084921576585e-10,-16
"OL67_001429",1,1465247,1466848,"+",1602,2459.74318824631,-1.554387311973,0.154369964341561,-10.0692341194933,7.55641994566961e-24,2.07801548505914e-22,38
"OL67_001430",1,1466886,1467149,"+",264,416.885606326652,-1.24624721885064,0.282686575721688,-4.4085829532903,1.04049167063865e-05,5.88621002247008e-05,-3
"OL67_001431",1,1467146,1468750,"+",1605,2637.31286547533,-1.19094852949646,0.186827009311269,-6.37460575902195,1.83434198122581e-10,1.94224445070968e-09,-3
"OL67_001433",1,1470147,1471706,"+",1560,2315.51768805749,-1.20749029437873,0.150629083322175,-8.01631575886356,1.08964170815695e-15,1.79044861589274e-14,51
"OL67_001434",1,1471757,1473115,"+",1359,1557.89260503493,-1.20528879848662,0.143808577724322,-8.38120241198082,5.23897155302049e-17,9.60478118053756e-16,17
"OL67_001438",1,1476232,1476822,"+",591,5059.19483850707,-3.55369100088395,0.313355595109844,-11.3407612831621,8.2424294521529e-30,2.94054239914644e-28,539
"OL67_001444",1,1483062,1483445,"-",384,26.5108849367272,-2.27052266289268,0.423856848630656,-5.35681485442078,8.47018360938058e-08,6.65514426451331e-07,161
"OL67_001474",1,1520269,1521231,"-",963,2243.1987776708,-1.4765352126424,0.11951743660282,-12.3541405723854,4.6267421273813e-35,2.31922769929493e-33,154
"OL67_001491",1,1536710,1537429,"+",720,2360.24362058076,-1.59964146624145,0.295897327234663,-5.40606933219389,6.44228673201971e-08,5.11251612400763e-07,139
"OL67_001494",1,1542105,1542227,"+",123,232.556422598755,1.31302135862763,0.333706531265338,3.93465885623802,8.33149491718003e-05,0.000402350242341865,303
"OL67_001509",1,1553634,1554092,"+",459,18054.7161758328,1.02873182136274,0.258447994705132,3.98042098386734,6.87933292484828e-05,0.000337992039483861,6
"OL67_001516",1,1559306,1560412,"-",1107,1366.64883892739,1.35866898616393,0.147245499641573,9.22723607493081,2.77705070153146e-20,6.17815774048572e-19,108
"OL67_001520",1,1565066,1566619,"+",1554,458.695941049528,-2.63934206513231,0.154112834903086,-17.1260366911819,9.49037009977622e-66,1.44545636904284e-63,102
"OL67_001521",1,1566721,1567017,"-",297,750.655821890296,-4.13624981544399,0.224371088805015,-18.434860914895,6.89959396855631e-76,1.70764950721769e-73,240
"OL67_001522",1,1567257,1568330,"+",1074,266.621615130635,-3.25883368476191,0.279317892603785,-11.6671139624578,1.87682629728651e-31,7.35864568045008e-30,115
"OL67_001554",1,1604337,1604993,"-",657,254.609239236239,1.07005136893114,0.185600602219026,5.76534427225824,8.14913184069489e-09,7.15533527475649e-08,-3
"OL67_001577",1,1629023,1630198,"-",1176,183.934660227809,4.02783205948229,0.29498272206959,13.654467730256,1.89871594435715e-42,1.27439239655158e-40,264
"OL67_001621",1,1673195,1673947,"+",753,755.535250554097,-1.20048799416145,0.153539715573498,-7.81874572111463,5.33522578634486e-15,8.35078818732239e-14,31
"OL67_001622",1,1673978,1675189,"+",1212,241.053507241614,-1.02507636249106,0.181719118570202,-5.64099347694698,1.69071768114759e-08,1.4398369929773e-07,82
"OL67_001625",1,1677712,1678932,"-",1221,7881.32827922015,2.4525763753593,0.106790839239396,22.9661681922107,1.0158538639531e-116,6.70463550209049e-114,103
"OL67_001632",1,1685216,1686271,"-",1056,2765.42545091117,-1.03507329231582,0.254676691408681,-4.06426393632872,4.81842772448029e-05,0.000246206113405703,244
"OL67_001638",1,1691133,1691990,"+",858,7729.1771231391,-1.43120413033644,0.121112892093646,-11.8171080352851,3.18459453281944e-32,1.30010251030567e-30,279
"OL67_001683",1,1740752,1742230,"+",1479,1528.16313725074,-1.76333018877762,0.143558758156524,-12.2829858060979,1.11794800816701e-34,5.39887086870896e-33,441
"OL67_001708",1,1765712,1766392,"-",681,3457.5218863175,-1.45630590215254,0.130363630157586,-11.1711057784455,5.64734134259548e-29,1.92788549281708e-27,257
"OL67_001709",1,1766649,1769900,"+",3252,11428.0807050272,-1.12870772918156,0.121115218471441,-9.3192890491108,1.17122449227574e-20,2.69654011012321e-19,105
"OL67_001715",1,1777823,1780831,"-",3009,374.695053692264,-1.05774580672606,0.125131615107821,-8.45306604421788,2.83751062041102e-17,5.30025568718285e-16,609
"OL67_001718",1,1782736,1783803,"-",1068,61.6197434207264,1.11195223419914,0.24519810037568,4.53491373911731,5.76270326586106e-06,3.41621331329488e-05,13
"OL67_001720",1,1784677,1785627,"-",951,84.5299869721798,1.65344174019738,0.222908165972759,7.41759160316916,1.19269196478316e-13,1.69894251098609e-12,-18
"OL67_001721",1,1785609,1786865,"-",1257,252.996707987695,2.4393683887001,0.302717482628536,8.05823425696705,7.74043771471137e-16,1.28790476261584e-14,42
"OL67_001722",1,1786907,1788058,"-",1152,48.6578940292891,1.8181082324475,0.357462284423094,5.08615401309185,3.65397367129656e-07,2.63086104333352e-06,-7
"OL67_001723",1,1788051,1788797,"-",747,89.4930288076936,2.28607950951121,0.354774628876782,6.44375139436817,1.16555951025109e-10,1.26802628038306e-09,546
"OL67_001725",1,1790706,1794350,"-",3645,5675.80288257679,1.6101342748221,0.131151488954609,12.2769042704453,1.20522307415418e-34,5.75022093210909e-33,948
"OL67_001751",1,1822083,1822694,"-",612,76.4576494699555,-3.34668930421328,0.272787063934724,-12.2685044369044,1.33700091026441e-34,6.30300429124651e-33,-9
"OL67_001752",1,1822685,1823296,"-",612,111.900790379842,-3.60847228901109,0.266530077765313,-13.5387057223179,9.24026350790734e-42,5.90184572440534e-40,120
"OL67_001773",1,1843554,1844555,"+",1002,954.036555797388,2.32194475144358,0.249097345065529,9.32143516356131,1.14777119568911e-20,2.65799645317478e-19,103
"OL67_001782",1,1852915,1854060,"+",1146,1634.52969089741,2.26539429269971,0.117144965949637,19.3383836371906,2.5535441598146e-83,7.222882052047e-81,8
"OL67_001783",1,1854068,1855114,"+",1047,1103.36536189726,2.48515381203959,0.138564539999865,17.9349912469814,6.28735937888982e-72,1.13172468820017e-69,-3
"OL67_001784",1,1855111,1855986,"+",876,2029.8230511517,1.67168223824436,0.145177072495592,11.5147812909309,1.11141163894045e-30,4.19160960971828e-29,806
"OL67_001787",1,1861160,1862554,"-",1395,4014.6802640294,-1.19905501304029,0.184647091783286,-6.49376603476418,8.37167285732547e-11,9.26028617737678e-10,192
"OL67_001788",1,1862746,1863324,"-",579,417.96425536738,-2.3101841108035,0.365601663946932,-6.31885557046817,2.63507402623678e-10,2.74602451155202e-09,138
"OL67_001811",1,1890937,1891257,"-",321,70.9485336666754,-3.68838485538132,0.343957762100672,-10.7233656622693,7.90725415419823e-27,2.42734313570736e-25,13
"OL67_001812",1,1891270,1895226,"-",3957,432.126394490264,-4.36209684620665,0.318275636766195,-13.7054060767178,9.42385982999305e-43,6.4342215390987e-41,0
"OL67_001813",1,1895226,1895696,"-",471,55.0656461344347,-4.37784626213483,0.466154994189155,-9.39139624525486,5.92100707264345e-21,1.4040232339921e-19,-3
"OL67_001814",1,1895693,1896643,"-",951,168.169870804367,-4.86667881005378,0.596322646598684,-8.16115040710332,3.31848629402238e-16,5.61589988219171e-15,0
"OL67_001815",1,1896643,1897275,"-",633,186.544409368839,-5.02194326651524,0.347600551764059,-14.4474548185527,2.60121737607604e-47,2.14600433526273e-45,16
"OL67_001816",1,1897291,1897947,"-",657,335.888870724059,-5.62414896968844,0.559314781176735,-10.0554270313684,8.69436671481272e-24,2.35819809525057e-22,-7
"OL67_001817",1,1897940,1898197,"-",258,170.657524603778,-5.81618760514583,0.80547689350818,-7.22080006518122,5.16825928180814e-13,7.03309510514097e-12,-3
"OL67_001818",1,1898194,1898583,"-",390,238.578431500873,-5.99189497861605,0.441674800407016,-13.5663048312794,6.34405700176967e-42,4.11843700442753e-40,15
"OL67_001819",1,1898598,1899011,"-",414,190.584848615871,-4.40909867036161,0.252539710586579,-17.4590311366102,2.93879499126365e-68,4.65505126616163e-66,106
"OL67_001820",1,1899117,1899530,"-",414,253.080189594822,-6.06593915046419,0.705002999216845,-8.60413240397922,7.68961753068486e-18,1.50004361682325e-16,-3
"OL67_001821",1,1899527,1899898,"-",372,153.703903601701,-6.03551985871031,0.523963201011239,-11.5189766133611,1.05860812330479e-30,4.03085400796822e-29,-3
"OL67_001822",1,1899895,1900542,"-",648,494.157131282665,-5.46993175014744,0.631881567946693,-8.65657747846965,4.86140647247906e-18,9.6739545884508e-17,187
"OL67_001823",1,1900729,1901913,"-",1185,6630.47979548144,-5.63586171117828,0.310266183665064,-18.1646019060274,9.84182800965343e-74,2.16520216212376e-71,49
"OL67_001824",1,1901962,1902582,"-",621,1175.63208554735,-5.42768087214185,0.543172084127613,-9.99256226663274,1.6427944017489e-23,4.42548695981335e-22,33
"OL67_001825",1,1902615,1902833,"-",219,209.318723473165,-5.6407852201799,0.390048438055067,-14.4617556945159,2.11337443207707e-47,1.78063037255856e-45,-7
"OL67_001826",1,1902826,1904019,"-",1194,2116.46129066641,-5.25169795515882,0.482951837596317,-10.874164971184,1.53050748853138e-27,4.8101663925272e-26,205
"OL67_001827",1,1904224,1905516,"-",1293,337.107098224804,-4.14659854974724,0.26954742604699,-15.3835583242571,2.11024504336903e-53,2.03818789554667e-51,-28
"OL67_001828",1,1905488,1905829,"-",342,142.700555171309,-4.34120645280356,0.275135396709346,-15.778436743236,4.3789957336903e-56,4.81689530705933e-54,293
"OL67_001831",1,1908802,1909818,"+",1017,1025.06851467194,-1.0961412198098,0.169593135857724,-6.46335840342843,1.02404358154678e-10,1.12332758529786e-09,166
"OL67_001849",1,1926973,1928103,"-",1131,6772.61964020313,1.482514672247,0.124733379746844,11.8854686312187,1.40842912248404e-32,5.93338226067746e-31,354
"OL67_001856",1,1935329,1936153,"+",825,195.733298445315,-1.07698746128926,0.242014558577826,-4.45009369526391,8.58328344749658e-06,4.93320790306044e-05,28
"OL67_001857",1,1936181,1936942,"+",762,140.164784914437,-1.76073398446349,0.197438488530438,-8.91788626203975,4.75272160187491e-19,9.8538102321595e-18,-28
"OL67_001881",1,1960677,1963364,"+",2688,10890.8701879134,1.13523084210664,0.181260876016485,6.26296676401033,3.77721149430469e-10,3.79638515671233e-09,278
"OL67_001905",1,1988987,1989439,"-",453,1923.42434963203,-1.0150682547272,0.233166793041133,-4.35339973367535,1.34042416053222e-05,7.42388765833232e-05,0
"OL67_001919",1,2001082,2001261,"-",180,7.25626589043572,3.65685396140933,1.15270581501125,3.17240870462135,0.00151180083841495,0.00548737976179944,46
"OL67_001923",1,2006354,2006878,"-",525,739.832018713439,-1.0883269708224,0.227434712422669,-4.78522807371565,1.70793277135674e-06,1.10153318804116e-05,431
"OL67_001931",1,2013919,2015289,"-",1371,3468.32131911262,-1.07170534228919,0.157819670192504,-6.79069561469714,1.11594151708741e-11,1.34320012391069e-10,239
"OL67_001962",1,2046374,2046805,"+",432,334.261391623943,2.43855483514074,0.360012718162501,6.77352413433362,1.25682597971541e-11,1.50819117565849e-10,59
"OL67_001963",1,2046864,2047292,"+",429,305.338931521274,2.54405919466941,0.2488855285496,10.221804415448,1.5836513141587e-24,4.51169726911399e-23,309
"OL67_001964",1,2047601,2047969,"-",369,68.7292158377206,1.46471211198372,0.264770209978875,5.53201250284381,3.16577332529086e-08,2.59017817523797e-07,0
"OL67_001968",1,2051537,2052205,"-",669,1457.08080146822,-1.08752813005552,0.331715356556834,-3.27849799100029,0.00104361107084547,0.00392469120659835,-3
"OL67_001969",1,2052202,2053245,"-",1044,3151.43021262344,-1.01487675536901,0.215302592384264,-4.71372287778911,2.43231407002839e-06,1.53865235100838e-05,438
"OL67_002017",1,2086297,2086506,"+",210,15.4789945791793,-1.44656506015181,0.560509707023299,-2.58080286929211,0.00985708502645974,0.0283060599744602,-3
"OL67_002018",1,2086503,2087483,"+",981,174.11384519377,-1.1815728322613,0.192687555690284,-6.13206612138721,8.67450336807293e-10,8.39878565710729e-09,211
"OL67_002019",1,2087694,2089154,"+",1461,3755.87167993803,-1.20259994659189,0.184802321925907,-6.50749370494412,7.64149527224588e-11,8.50009024665553e-10,10
"OL67_002026",1,2093041,2095398,"-",2358,1607.73101618653,2.2208784499535,0.2070239456946,10.7276404306859,7.54994009470761e-27,2.33576271680017e-25,17
"OL67_002027",1,2095415,2096341,"-",927,353.529183319935,2.61388489512495,0.148831953788574,17.5626592851032,4.75924138807453e-69,7.85274829032298e-67,182
"OL67_002028",1,2096523,2097605,"-",1083,8362.71712555897,2.53973868706164,0.0996834409569493,25.4780399099434,3.45307999246487e-143,2.73483935403218e-140,172
"OL67_002034",1,2103692,2104489,"+",798,799.401733802326,-1.54216565750544,0.247239859253441,-6.23752845581665,4.44538262903482e-10,4.43418519168209e-09,19
"OL67_002045",1,2118527,2119750,"-",1224,3235.18985042541,1.75850102909063,0.115836983763214,15.1808254321023,4.73781867516066e-52,4.363200454334e-50,314
"OL67_002064",1,2133503,2134396,"+",894,2189.59038091913,1.07176427776496,0.17457622312512,6.13923396084025,8.2920366682173e-10,8.04815323679915e-09,-3
"OL67_002074",1,2144435,2145670,"-",1236,168.478455338094,-1.08362835980348,0.220226900312197,-4.92050861301371,8.63196012454241e-07,5.83320172238702e-06,-3
"OL67_002087",1,2157133,2157786,"+",654,2488.41342512523,6.87959256363168,0.198964660308038,34.5769572997569,5.60967501845033e-262,1.11071565365317e-258,83
"OL67_002091",1,2160404,2161192,"-",789,815.317791873436,2.14321077570843,0.217078572418264,9.87297249946405,5.45244177590711e-23,1.39301093113498e-21,87
"OL67_002092",1,2161279,2163642,"-",2364,632.955312470881,2.21233202355261,0.196163104968089,11.2780230712218,1.68489796465597e-29,5.95731780360502e-28,154
"OL67_002093",1,2163796,2164281,"-",486,205.200832795561,2.17399467954144,0.282585138830221,7.69323782751218,1.43457494165473e-14,2.17659646320028e-13,119
"OL67_002112",1,2181368,2181574,"+",207,4709.17064268414,1.64115371943092,0.32136469927048,5.1068263662949,3.27614530734767e-07,2.38484106931926e-06,98
"OL67_002170",1,2239253,2239441,"-",189,561.430035725358,-1.01447165960819,0.19112816710153,-5.30780823670689,1.10951278272929e-07,8.53460476793314e-07,324
"OL67_002171",1,2239765,2240004,"-",240,616.342582208352,3.08080674265844,0.330814637992311,9.31278845868375,1.24519493043707e-20,2.85027278874614e-19,181
"OL67_002197",1,2268874,2269089,"+",216,16680.5910188613,-2.49221697474708,0.235433613487893,-10.5856463647033,3.47374879159277e-26,1.05815732420826e-24,278
"OL67_002206",1,2276244,2276936,"+",693,98.7428837766274,-1.11938387343306,0.227742805294394,-4.91512288164748,8.87267895495546e-07,5.98565735291714e-06,39
"OL67_002232",1,2304809,2305558,"+",750,326.53227479695,-1.04373926739115,0.168641010115072,-6.18911892593004,6.05014261168179e-10,5.94505328592056e-09,394
"OL67_002236",1,2309932,2311404,"-",1473,90.5483507478677,-1.16189283801001,0.222856763006804,-5.21363059542662,1.85180054065759e-07,1.3814308717452e-06,350
"OL67_002244",1,2317581,2318417,"-",837,176.486687620976,-1.57593974460415,0.197596803992032,-7.9755325631061,1.51725145618773e-15,2.44240478313147e-14,219
"OL67_002282",1,2363313,2363636,"-",324,1126.10320149808,1.07578117969813,0.181338600808993,5.93244447072395,2.9845734573442e-09,2.75499088370234e-08,322
"OL67_002284",1,2364585,2365346,"+",762,376.746192603038,-1.13376645257504,0.191232235019528,-5.92874131528749,3.0526554841864e-09,2.81128272497166e-08,557
"OL67_002296",1,2377503,2379728,"+",2226,3305.51175217769,-1.13001169605747,0.139990339743548,-8.07206910225068,6.91167367607562e-16,1.15486193068605e-14,172
"OL67_002304",1,2388192,2388548,"-",357,394.271128252019,-1.25061383667512,0.199063082137945,-6.28250011626206,3.33171022082865e-10,3.42690194142375e-09,-3
"OL67_002343",1,2427955,2428473,"-",519,2701.77872442663,1.1053458767945,0.199512660766943,5.54022923931472,3.02075954820735e-08,2.48694549083183e-07,394
"OL67_002355",1,2442117,2442383,"-",267,201.539467959375,4.15792287597286,0.251607297839011,16.5254462477208,2.40652121919778e-61,3.17660800934107e-59,97
"OL67_002356",1,2442480,2442761,"-",282,315.67654481886,5.14421114000403,0.397434911852013,12.9435310955257,2.55605508481787e-38,1.44599687655411e-36,179
"OL67_002374",1,2459569,2460876,"+",1308,901.489910267592,-3.7742451560182,0.146399008070174,-25.7805377629955,1.46587118032587e-146,1.45121246852261e-143,127
"OL67_002409",1,2493424,2493711,"-",288,16519.4973516892,1.08063099617901,0.271753170418151,3.97651661070311,6.99321161887499e-05,0.000343161313639963,169
"OL67_002411",1,2494791,2495711,"+",921,7026.73628551241,-1.2315614854161,0.123684875672678,-9.95725207886639,2.34453391026084e-23,6.23111025814291e-22,528
"OL67_002412",1,2496239,2498209,"-",1971,1195.15115589955,-1.43279427376947,0.540509303084689,-2.65082259563806,0.00802960051348913,0.0236939031545581,140
"OL67_002419",1,2503332,2503766,"+",435,37.1325938187679,1.54348920299065,0.290196829456416,5.31876659673312,1.04473053588224e-07,8.09615053247293e-07,105
"OL67_002467",1,2555530,2556564,"+",1035,3874.37184716086,-1.53074746585257,0.22479600629122,-6.80949582293518,9.7941376694696e-12,1.18607905722017e-10,2
"OL67_002468",1,2556566,2557597,"+",1032,1144.11269877704,-1.22061908082232,0.148790996633307,-8.20358159056164,2.33329174800669e-16,3.99992871086861e-15,-3
"OL67_002469",1,2557594,2558610,"+",1017,1027.38951581674,-1.3548181591282,0.189054625426311,-7.16627882588505,7.7063740358828e-13,1.03800140075156e-11,0
"OL67_002470",1,2558610,2559392,"+",783,1010.05247068141,-1.32767688562431,0.239722192319888,-5.53839789623081,3.05251123215507e-08,2.50787229861703e-07,11
"OL67_002471",1,2559403,2560455,"+",1053,1240.15330625778,-1.34925387120965,0.263871249033099,-5.1133038409971,3.16572475853225e-07,2.31296495272836e-06,-3
"OL67_002472",1,2560452,2561519,"+",1068,1594.02472907291,-1.54902517633594,0.263226468712105,-5.88476221223076,3.9862668844816e-09,3.62887743966601e-08,5
"OL67_002473",1,2561524,2561901,"+",378,397.291437440051,-1.34547299386371,0.219759410709069,-6.12248180645572,9.21289391907531e-10,8.89830729744834e-09,10
"OL67_002474",1,2561911,2562288,"+",378,263.555548472864,-1.13463309789669,0.192570738462023,-5.89203275096983,3.81473544131803e-09,3.48072634737774e-08,-3
"OL67_002475",1,2562285,2563133,"+",849,465.524051717995,-1.22531606690157,0.24827970735827,-4.93522438840895,8.00586624349664e-07,5.42863532949429e-06,154
"OL67_002486",1,2579418,2579723,"-",306,3193.23161945617,-1.57295916880062,0.20177901956536,-7.79545451350113,6.41770530590058e-15,9.92738789506496e-14,150
"OL67_002489",1,2580581,2580988,"-",408,491.278382622366,1.62928301363363,0.31116016233463,5.23615555863304,1.63955781631826e-07,1.23200169878943e-06,114
"OL67_002491",1,2581554,2582282,"+",729,444.788289937444,-1.06648975825234,0.144043779365202,-7.40392790964203,1.32214218158827e-13,1.87658890289948e-12,29
"OL67_002492",1,2582311,2584596,"-",2286,4639.94963929277,-5.31305023618865,0.337504930277787,-15.7421411053631,7.7767145421064e-56,8.32318637479496e-54,171
"OL67_002511",1,2602552,2603016,"-",465,778.24010307987,4.23471052471335,0.265505379786082,15.9496222943778,2.86625147628103e-57,3.33833995472732e-55,211
"OL67_002528",1,2623767,2624177,"+",411,209.91637897252,1.78632814915268,0.201301594324645,8.87388972325685,7.06345051810645e-19,1.43442379752316e-17,-3
"OL67_002529",1,2624174,2625100,"+",927,461.832987207995,1.86365376139267,0.162591569435456,11.4621795451239,2.0430766815858e-30,7.4912811658146e-29,581
"OL67_002532",1,2629582,2630403,"-",822,112.838071394365,1.14599776997327,0.252692592144016,4.53514588714232,5.75636825534156e-06,3.41621331329488e-05,65
"OL67_002533",1,2630468,2631280,"-",813,891.735983886127,1.02451266897635,0.191957069893448,5.33719685107219,9.43945405911429e-08,7.37282802250347e-07,44
"OL67_002541",1,2637552,2638235,"+",684,450.263818964927,-1.68509993373282,0.205409044365052,-8.20363065775266,2.33233915854477e-16,3.99992871086861e-15,121
"OL67_002542",1,2638356,2639858,"+",1503,844.602367623182,-1.57322144398441,0.158632229269581,-9.91741370103843,3.49699996141263e-23,9.23207989812934e-22,23
"OL67_002549",1,2648049,2649395,"+",1347,826.443130716316,-1.20499650215726,0.242801539056159,-4.96288658976972,6.94531405212767e-07,4.79990290513535e-06,254
"OL67_002560",1,2659138,2659563,"+",426,737.75414728749,1.8142746533394,0.249775117401995,7.26363247152219,3.76831030269292e-13,5.16349785420899e-12,-3
"OL67_002561",1,2659560,2660345,"+",786,565.684415872992,1.76202015075421,0.132651500412595,13.2830774267436,2.90217093685925e-40,1.79571826718166e-38,15
"OL67_002562",1,2660360,2661340,"+",981,3899.22732125747,1.97122510802014,0.136527174725224,14.4383351665151,2.96927925472216e-47,2.39966241810199e-45,2
"OL67_002563",1,2661342,2662433,"+",1092,1294.330305811,1.63927998099211,0.179301648197081,9.14258177476584,6.09788298199735e-20,1.34902886082176e-18,65
"OL67_002600",1,2694940,2695317,"+",378,261.812145985937,1.01520294033713,0.158519403381651,6.40428186505928,1.51078781216259e-10,1.62133326183302e-09,835
"OL67_002620",1,2715275,2716564,"+",1290,882.84726757687,-1.13403007045489,0.164849046987216,-6.87920307202524,6.0188310526785e-12,7.49514810333549e-11,-3
"OL67_002621",1,2716561,2717313,"+",753,645.318230991751,-1.04150066985584,0.231342736591081,-4.50198128198327,6.73229120404349e-06,3.92056958353121e-05,0
"OL67_002622",1,2717313,2718470,"+",1158,2360.91942203538,-1.12388907517106,0.163921721633789,-6.85625470480288,7.06892958934751e-12,8.69346620304849e-11,-7
"OL67_002623",1,2718463,2719026,"+",564,599.535708242306,-1.08301262585204,0.157815740970696,-6.86251332845905,6.76594235434151e-12,8.37285366349762e-11,0
"OL67_002624",1,2719026,2720249,"+",1224,444.302511403745,-1.03053138871207,0.184376916699997,-5.58926468213407,2.28033151416716e-08,1.90508708778522e-07,-3
"OL67_002634",1,2729180,2732155,"-",2976,694.837065361399,-1.30705275220793,0.208370252479396,-6.27274160613292,3.5474536494003e-10,3.59049670013936e-09,108
"OL67_002635",1,2732263,2732454,"-",192,229.824172744445,-1.91462297118439,0.182689327472608,-10.4802124878995,1.06504178105218e-25,3.17110184433582e-24,60
"OL67_002636",1,2732514,2733161,"-",648,141.411037797024,-2.275293634502,0.190808810211344,-11.9244684350887,8.82454804777295e-33,3.79839242056314e-31,47
"OL67_002637",1,2733208,2733939,"-",732,130.608035404278,-2.25394720602347,0.261762431719725,-8.61065963979439,7.26413645500883e-18,1.42405843375421e-16,-3
"OL67_002638",1,2733936,2734511,"-",576,102.879142872951,-2.40211215161717,0.251606933109292,-9.54708251450983,1.33400034280171e-21,3.28114370030731e-20,355
"OL67_002646",1,2741616,2742320,"-",705,143.210343764014,-1.5670717887323,0.195204325403206,-8.02785381674005,9.91925717524292e-16,1.63667743391508e-14,348
"OL67_002668",1,2764477,2765538,"+",1062,14.2520224299449,-1.15695333605616,0.479630319355084,-2.412177231856,0.0158575710378078,0.0423438849020357,31
"OL67_002670",1,2766899,2767618,"+",720,11.1096831608992,-1.35414873170641,0.526849889140162,-2.57027430321078,0.0101618017540669,0.028971011480277,0
"OL67_002677",1,2774202,2775497,"+",1296,562.542946213359,2.16597738669819,0.193085407639529,11.2177166217649,3.33777397560939e-29,1.14935521247071e-27,264
"OL67_002682",1,2780336,2781316,"+",981,2801.37544157837,-1.3059666765742,0.193997817147413,-6.73186273834123,1.67504627117156e-11,1.9683036302194e-10,289
"OL67_002719",1,2824013,2826523,"-",2511,502.540984739989,-1.2124237542669,0.256360565157017,-4.72936917393791,2.25218526624393e-06,1.43617611180772e-05,644
"OL67_002720",1,2827167,2828570,"-",1404,1221.89751584445,1.26436340989867,0.127579740951819,9.91037762316957,3.75225258845774e-23,9.84034453661764e-22,120
"OL67_002727",1,2836963,2837982,"+",1020,984.472069499659,1.26594446587014,0.193739680550768,6.53425494597328,6.39269702917084e-11,7.17141083159109e-10,52
"OL67_002728",1,2838034,2838801,"+",768,132.040422206335,1.15494709044661,0.262246239854823,4.40405586400774,1.06245564677832e-05,5.97631301312805e-05,-7
"OL67_002763",1,2874412,2877627,"-",3216,225.128056224952,1.01378496410337,0.177233037479511,5.72006764946729,1.06481648866458e-08,9.30832956978311e-08,153
"OL67_002767",1,2880513,2881292,"-",780,183.35941150262,-2.12408110442311,0.17617120930214,-12.0569139125351,1.78341014172162e-33,7.93517321485125e-32,0
"OL67_002768",1,2881292,2882761,"-",1470,411.21723743885,-2.45267020051779,0.243440134743166,-10.075044540644,7.12285140690891e-24,1.97248192806708e-22,211
"OL67_002771",1,2885357,2886754,"+",1398,3206.54932099568,-1.3872664781461,0.160719147763542,-8.6316191782395,6.04894908543164e-18,1.19769191891547e-16,83
"OL67_002778",1,2893602,2894348,"+",747,27.813151827086,-1.24702251128122,0.376203629458824,-3.31475406836208,0.000917237834028231,0.00350266328134213,-3
"OL67_002800",1,2915649,2916137,"-",489,187.633883873088,1.4963298814393,0.247337077198376,6.04975969793307,1.45062046907027e-09,1.37427202332973e-08,82
"OL67_002801",1,2916219,2917088,"+",870,278.442055681754,3.90039378797494,0.258284766158738,15.1011375776526,1.59163564623973e-51,1.43247208161575e-49,24
"OL67_002837",1,2947943,2948509,"-",567,2709.25102550869,-1.84916836815882,0.242327127692462,-7.63087643454265,2.3316308275421e-14,3.48424833096857e-13,221
"OL67_002839",1,2949271,2950134,"-",864,235.607665503799,1.55598104183599,0.24141803966444,6.445173045058,1.15468594112227e-10,1.2596573903152e-09,186
"OL67_002840",1,2950320,2950874,"-",555,182.151514193355,1.31749876306323,0.206643768552348,6.37570042538918,1.82128630875452e-10,1.93359082645252e-09,150
"OL67_002841",1,2951024,2952229,"+",1206,583.664648319995,2.80283433689368,0.154337106613793,18.1604696264481,1.0611308801906e-73,2.21162015029199e-71,121
"OL67_002842",1,2952350,2954194,"+",1845,1771.15285181841,1.09041803112153,0.188861447242639,5.77364013164964,7.75770311098528e-09,6.82677873766705e-08,115
"OL67_002864",1,2975090,2975944,"-",855,262.829171560282,-1.23881739262331,0.304933152690979,-4.06258677251382,4.85318980964983e-05,0.000247662778946048,131
"OL67_002865",1,2976075,2977409,"-",1335,229.050708839243,1.85084133480995,0.216707159399493,8.54074844568461,1.33355238484718e-17,2.52673083444728e-16,4
"OL67_002866",1,2977413,2978513,"-",1101,47.3151460358485,2.33248265380752,0.36286127243758,6.42802864615087,1.29269384696336e-10,1.39865235900954e-09,84
"OL67_002867",1,2978597,2980045,"-",1449,307.999228308156,2.14480361393426,0.225088027430009,9.52873255154003,1.5921514420598e-21,3.89192574725729e-20,91
"OL67_002871",1,2981894,2982262,"-",369,6609.35111719233,-1.05501881757663,0.135226917715499,-7.80184030960659,6.10108220232218e-15,9.47462177301797e-14,228
"OL67_002886",1,2996708,2998888,"-",2181,720.286745420625,-2.99017103526297,0.213836386949558,-13.9834528534581,1.96708129092812e-44,1.44252628001395e-42,215
"OL67_002900",1,3010214,3012394,"-",2181,1081.77274645799,1.64539361746212,0.292241605353407,5.6302510912926,1.79947459219597e-08,1.52263234724275e-07,4
"OL67_002901",1,3012398,3012868,"-",471,509.074676340702,1.19868184783387,0.305408743209633,3.92484457136543,8.67857542852164e-05,0.000417583945284881,-3
"OL67_002902",1,3012865,3014304,"-",1440,2159.41799146042,2.48300355280528,0.205295516574286,12.0947772958637,1.12547042321014e-33,5.06461690444564e-32,559
"OL67_002903",1,3014863,3015636,"-",774,156.351608181873,-1.44431576397166,0.216328955340092,-6.67647916896302,2.44750835840373e-11,2.84226777104949e-10,153
"OL67_002904",1,3015789,3016658,"-",870,3196.61424938265,1.74110407896583,0.341798057004873,5.09395546078544,3.50669181069916e-07,2.529417043783e-06,-3
"OL67_002905",1,3016655,3016852,"-",198,493.404792640988,2.08780068745059,0.335925046808622,6.21507895075181,5.12988504164221e-10,5.09131447741934e-09,13
"OL67_002906",1,3016865,3017593,"-",729,1385.14529321611,1.69028983307887,0.506741967298408,3.33560261860746,0.000851147337730531,0.00327237228875039,15
"OL67_002907",1,3017608,3019218,"-",1611,1334.91652992341,2.31136985217623,0.347037116025108,6.66029581691487,2.73276981264477e-11,3.15503453588143e-10,207
"OL67_002908",1,3019425,3020264,"+",840,1573.79595660838,3.01082479660707,0.337706223140089,8.91551469976349,4.855555907055e-19,1.00145840583009e-17,62
"OL67_002919",1,3033318,3033731,"+",414,2676.57194876464,2.43957539566245,0.222148484869923,10.9817332181713,4.67860040663212e-28,1.53117831489778e-26,120
"OL67_002920",1,3033851,3034402,"-",552,126.607579802779,1.291786511557,0.190147119199515,6.79361600110055,1.09357228634647e-11,1.32028849205244e-10,231
"OL67_002931",1,3043218,3043424,"+",207,18409.7083572603,1.40971433703506,0.364973796447805,3.8625083519843,0.000112228727140058,0.000528449178923458,29
"OL67_002936",1,3047266,3048381,"+",1116,16536.7523351158,-1.2703490662251,0.169382242447651,-7.49989519484432,6.38688793860224e-14,9.19711863158723e-13,121
"OL67_002968",1,3082491,3082667,"+",177,74.1206732063521,-1.38539391558204,0.361152793733622,-3.83603266988397,0.0001250377821972,0.000580480208090168,-43
"OL67_002969",1,3082624,3083259,"+",636,394.147062416172,-2.01462071447681,0.27505449701361,-7.32444201549311,2.39894759543671e-13,3.33327455365942e-12,442
"OL67_002976",1,3088756,3090177,"-",1422,425.844619674566,1.02161189425636,0.159028366820411,6.42408593310939,1.32664248059675e-10,1.43147254037143e-09,3
"OL67_002989",1,3101271,3102014,"+",744,117.483147058598,-1.59237166711677,0.308825215239307,-5.15622296541703,2.51980831507013e-07,1.86862189656886e-06,-3
"OL67_002991",1,3102726,3103184,"+",459,32.7590505426664,-1.21692192784541,0.348470191250169,-3.49218371729183,0.000479088604665961,0.00197624049424709,159
"OL67_003010",1,3120505,3120720,"-",216,20275.6171291773,-1.41325412651254,0.249780818856997,-5.65797699350826,1.53167661076542e-08,1.307206762636e-07,326
"OL67_003045",1,3152047,3152421,"-",375,21253.2750776611,1.06892410354978,0.260981812416658,4.095780060885,4.20749240284419e-05,0.000216385323574844,82
"OL67_003048",1,3154169,3154594,"-",426,14988.5648275704,1.10194022259468,0.172758867584875,6.37848718273933,1.78845809241386e-10,1.90384248547282e-09,301
"OL67_003049",1,3154895,3155182,"+",288,107.857642805595,4.2982419342227,0.261141021260915,16.459466664673,7.17296670081657e-61,9.16288649523665e-59,60
"OL67_003073",1,3177278,3178876,"+",1599,4843.67215209628,1.2311008541089,0.158141877747456,7.78478712687919,6.98306826460255e-15,1.07325027528934e-13,74
"OL67_003123",1,3219521,3221515,"-",1995,147.560439768934,-2.04264292923817,0.218739034870868,-9.33826434062873,9.79261781548818e-21,2.28110391466666e-19,292
"OL67_003142",1,3235304,3236665,"+",1362,228.971233722164,-1.1487598511332,0.18056747761193,-6.36194217433815,1.99218448654366e-10,2.1037468177901e-09,107
"OL67_003143",1,3236772,3238028,"+",1257,364.947418231562,-1.23721730256479,0.20270705407444,-6.10347433745669,1.03787238896098e-09,9.97566665117832e-09,12
"OL67_003145",1,3239146,3240765,"+",1620,181.161013019644,1.755028745,0.282519658795903,6.2120588439046,5.22948351729703e-10,5.16427798715617e-09,-3
"OL67_003146",1,3240762,3240992,"+",231,35.8864399064175,1.75862914591441,0.438467649268114,4.01085267943917,6.04998536893748e-05,0.00030135776177349,-3
"OL67_003147",1,3240989,3241531,"+",543,54.7751410226854,1.4938235856524,0.399102507870659,3.74295715058879,0.00018186725140592,0.000817473683958507,52
"OL67_003150",1,3243061,3244416,"+",1356,821.736400943151,5.61606564675953,0.310792513806099,18.0701445410727,5.47700303984031e-73,1.03280628751274e-70,149
"OL67_003185",1,3284927,3285511,"-",585,1326.83553936612,2.46556308497844,0.206039812905894,11.9664401272998,5.32653241772955e-33,2.31791960156143e-31,255
"OL67_003186",1,3285766,3286632,"+",867,634.556565961724,1.01120176138728,0.134519820312796,7.51712096430069,5.59956050799678e-14,8.09279547871067e-13,21
"OL67_003188",1,3288584,3289801,"-",1218,424.943322830144,1.29794348818878,0.191910536360078,6.76327372538565,1.34908005037091e-11,1.61400513579118e-10,15
"OL67_003189",1,3289816,3290652,"-",837,143.595640997324,1.46045394584629,0.211249412120199,6.91341069870201,4.73137569315498e-12,5.98602164373602e-11,158
"OL67_003190",1,3290810,3292093,"-",1284,312.02718176733,1.26729785973387,0.247175420963258,5.1271192531811,2.94209172184969e-07,2.16555450158453e-06,91
"OL67_003191",1,3292184,3293260,"-",1077,234.90728141474,1.6485867928806,0.177257043932772,9.30054319029406,1.39729985369354e-20,3.1800617359922e-19,4
"OL67_003192",1,3293264,3293521,"-",258,60.5347216701878,1.3819583748318,0.32647784300572,4.23293158919697,2.30664686245678e-05,0.000123603810220959,103
"OL67_003195",1,3295087,3295896,"-",810,135.826960783242,1.64933259272454,0.260606654379762,6.32881994763302,2.47043171236838e-10,2.58124263350364e-09,98
"OL67_003196",1,3295994,3297967,"-",1974,246.232385625418,2.02075453059678,0.21231030583476,9.51792953550509,1.76663665362009e-21,4.29195162474575e-20,242
"OL67_003204",1,3305133,3305456,"-",324,105.949252046102,2.61456187927419,0.323440219744152,8.08360160447073,6.28815202179333e-16,1.05513059348736e-14,100
"OL67_003235",1,3338816,3340255,"+",1440,11814.2750790757,1.07061462570637,0.149246542957383,7.17346348191183,7.31237646967412e-13,9.88293884638551e-12,76
"OL67_003295",1,3399687,3400721,"-",1035,379.257328711014,1.27326834785123,0.175867880926499,7.23991408290959,4.48969068030995e-13,6.13075003242324e-12,-3
"OL67_003296",1,3400718,3402907,"-",2190,498.713966370812,1.25470290202817,0.132866121042796,9.44336217675855,3.61005684119658e-21,8.66413641887178e-20,175
"OL67_003305",1,3412699,3413001,"+",303,4.28890211099328,3.09271913634677,1.21748629973461,2.54024964142999,0.0110773369697293,0.0311550102273635,25
"OL67_003315",1,3423722,3424567,"-",846,1222.73752836275,-2.04713095468718,0.297109987877538,-6.89014519273233,5.57354722427752e-12,6.96253848837192e-11,-3
"OL67_003316",1,3424564,3424953,"-",390,512.0568338522,-2.20475918057365,0.24672944150026,-8.93593876420835,4.03735547482968e-19,8.45922099488124e-18,0
"OL67_003317",1,3424953,3425336,"-",384,153.382297754104,-1.90228853371696,0.266433473146893,-7.13982560542674,9.34494043093359e-13,1.25020149008436e-11,-10
"OL67_003318",1,3425326,3425982,"-",657,763.718002116993,-2.01307732089839,0.269431841691388,-7.47156426746399,7.92470475458517e-14,1.13702285609266e-12,-3
"OL67_003319",1,3425979,3426410,"-",432,1031.95879616156,-2.03194444322123,0.268367124620749,-7.57151028127134,3.68909867263178e-14,5.43079209800069e-13,28
"OL67_003320",1,3426438,3428486,"-",2049,8453.69086499661,-1.88273960021457,0.300096935009407,-6.27377150704839,3.52405566319637e-10,3.58747054659579e-09,234
"OL67_003321",1,3428720,3429772,"+",1053,9139.41460900373,-1.760574947271,0.254061066943943,-6.92973137698214,4.21640478646804e-12,5.38611708206884e-11,0
"OL67_003322",1,3429772,3430641,"+",870,3844.39716256234,-1.82090719742562,0.249547612814803,-7.29683276424276,2.94620614283693e-13,4.05103344640078e-12,2
"OL67_003323",1,3430643,3431728,"+",1086,1899.70602875171,-1.62071078178142,0.259618193026157,-6.24267029552174,4.30163025478047e-10,4.30163025478047e-09,13
"OL67_003324",1,3431741,3432517,"+",777,2167.62285417458,-1.65149450978057,0.322598271812039,-5.11935324545946,3.06585233191135e-07,2.24413590284084e-06,248
"OL67_003325",1,3432765,3433154,"+",390,571.279897438916,-1.71480577044223,0.268811566428455,-6.37921125651649,1.78002351368672e-10,1.89997118981116e-09,4
"OL67_003336",1,3442853,3445858,"+",3006,1646.09439128524,-1.19739860666914,0.152072646606575,-7.87385919419758,3.43865931081624e-15,5.42513580511247e-14,353
"OL67_003341",1,3451546,3451893,"+",348,975.577487010942,-1.69440006438907,0.291682666683301,-5.80905298095342,6.28272068586466e-09,5.61615664018601e-08,2
"OL67_003342",1,3451895,3453004,"+",1110,490.444429968764,-1.3966646540336,0.213900552371018,-6.52950466257346,6.59875576120752e-11,7.3816589871135e-10,289
"OL67_003389",1,3499330,3500376,"-",1047,382.897771882139,1.41505909057146,0.308434877565628,4.58786989895578,4.47791544186731e-06,2.71971551377217e-05,-3
"OL67_003392",1,3502385,3503560,"+",1176,1444.63659424259,1.18436874077326,0.200743879172452,5.89989964155175,3.63722743080944e-09,3.33412514490866e-08,67
"OL67_003397",1,3508831,3510225,"-",1395,6591.65143970876,1.49769291902725,0.174411316979051,8.58713152889697,8.91675351750367e-18,1.72245580142998e-16,66
"OL67_003412",1,3525054,3525818,"+",765,115.348351074347,-1.18196020889765,0.184364651612675,-6.41099147021302,1.4457628656772e-10,1.55576656197872e-09,5
"OL67_003414",1,3527404,3528333,"-",930,1462.92568812272,-1.23385217976297,0.154169953735378,-8.00319485002107,1.21231873049186e-15,1.97197846589417e-14,58
"OL67_003431",1,3544333,3545061,"-",729,50.8620680121653,-1.30657419114297,0.29181937349577,-4.4773387575034,7.55792712373793e-06,4.37564201900617e-05,15
"OL67_003456",1,3569886,3570551,"+",666,447.307985927321,1.34287919589078,0.243076199328013,5.52451947003939,3.30388599065277e-08,2.692055251643e-07,79
"OL67_003496",1,3609971,3611539,"-",1569,7505.04399773649,-1.58945744756006,0.132224263437264,-12.0209211701467,2.75878619851387e-33,1.2138659273461e-31,75
"OL67_003514",1,3626514,3628130,"+",1617,178.323226781544,1.26685679005767,0.210750036712177,6.01118182383913,1.84175695218696e-09,1.73651369777627e-08,26
"OL67_003518",1,3632287,3633735,"+",1449,3000.70653254793,-1.02535977543106,0.184823860342713,-5.5477673365861,2.89340548789648e-08,2.39204295032778e-07,4
"OL67_003521",1,3636282,3637025,"-",744,897.18709186938,-1.18614347167316,0.143540024492539,-8.26350333899247,1.41458242985606e-16,2.4786488593938e-15,-3
"OL67_003524",1,3637907,3639592,"-",1686,3282.99042939894,-1.04922931866234,0.16705976927739,-6.28056247893032,3.37350273483339e-10,3.46089917874099e-09,119
"OL67_003528",1,3641434,3642303,"+",870,868.200503214194,-1.01070602899655,0.243305742404069,-4.15405743822529,3.26631127216661e-05,0.000170743530827212,0
"OL67_003530",1,3644901,3645701,"+",801,702.093169699536,-1.31081533472789,0.22978713855865,-5.70447651226274,1.16701184024874e-08,1.01124001912144e-07,28
"OL67_003531",1,3645729,3647807,"+",2079,1475.96824134157,-1.28596714537831,0.140899326575795,-9.12685089865596,7.05207463597999e-20,1.54288483748513e-18,-3
"OL67_003532",1,3647804,3648583,"+",780,139.160904322714,-1.05486721768627,0.210525757910289,-5.01063256181593,5.42514123846339e-07,3.81590751408793e-06,-3
"OL67_003533",1,3648580,3649659,"+",1080,408.38815933562,-1.15887643115367,0.163069768102539,-7.10662954046128,1.1891104886619e-12,1.57487542979971e-11,0
"OL67_003534",1,3649659,3650060,"+",402,189.742965164182,-1.01826426061987,0.179164895113377,-5.68339160400537,1.32049430960513e-08,1.1392499926005e-07,76
"OL67_003537",1,3651374,3651790,"-",417,673.275065487264,-1.14407474781033,0.167391607959182,-6.83471986295337,8.21654308569676e-12,1.0073532699492e-10,0
"OL67_003540",1,3653302,3653574,"-",273,525.308645460508,-1.20896294772221,0.207157699617445,-5.83595468551151,5.3483431417715e-09,4.81350882759435e-08,5
"OL67_003542",1,3653920,3654312,"-",393,815.889208270735,-1.10294096287977,0.128449626199808,-8.58656420816751,8.96087437647772e-18,1.72257585101222e-16,13
"OL67_003550",1,3659477,3661192,"+",1716,3366.32882523255,-1.40776015568337,0.168415397990769,-8.35885656821316,6.33290492365654e-17,1.14512801359269e-15,5
"OL67_003551",1,3661197,3661889,"+",693,1650.31366464508,-1.16205997236793,0.163090071574,-7.12526496035447,1.03880657758391e-12,1.38507543677854e-11,122
"OL67_003568",1,3675466,3676911,"+",1446,2508.84875969862,-1.19523126187642,0.0924923670819906,-12.9224853853821,3.36106475951292e-38,1.87462203488326e-36,64
"OL67_003579",1,3690222,3690536,"+",315,1190.51933494591,1.48729143338406,0.326622003653914,4.55355553742784,5.27467380680121e-06,3.17442374998979e-05,62
"OL67_003590",1,3699880,3701559,"-",1680,2256.84414352461,1.73824268854841,0.250051302814544,6.9515442190582,3.61309119076562e-12,4.69109544768258e-11,-3
"OL67_003591",1,3701556,3702341,"-",786,455.825999656279,1.78626265212927,0.224502610246878,7.9565340027226,1.76925527688114e-15,2.8365388244734e-14,-3
"OL67_003592",1,3702338,3703870,"-",1533,994.017865634812,1.43820254396264,0.186428865600806,7.7144842314399,1.21472451488785e-14,1.85011887652149e-13,-3
"OL67_003593",1,3703867,3705081,"-",1215,441.77666363004,1.57907583519186,0.184772224146492,8.54606715098008,1.27353936209817e-17,2.42462301630229e-16,76
"OL67_003639",2,33295,34881,"+",1587,196.465995677549,2.22369602583351,0.280987633445336,7.91385727039874,2.49534363848092e-15,3.96849831662026e-14,69
"OL67_003640",2,34950,35891,"+",942,12.7101593000844,1.49268733729599,0.484055404769629,3.08371174577915,0.00204435569955361,0.00719031154940909,-3
"OL67_003641",2,35888,36754,"+",867,19.9228603920564,1.79982970089079,0.44376183386888,4.05584609473781,4.99531451318863e-05,0.000253283552781395,34
"OL67_003642",2,36788,37780,"+",993,27.7626511103058,1.16473059954234,0.398630498951549,2.9218301223959,0.00347981282122424,0.0114707865806791,-3
"OL67_003644",2,38768,40570,"+",1803,72.1266515578254,1.05947202899187,0.258405783268601,4.10003218809774,4.13092678783619e-05,0.000212770729593723,177
"OL67_003654",2,54165,54947,"+",783,5818.62097817732,1.17266594925119,0.115240545247983,10.175810490377,2.54274257150451e-24,7.1413195625233e-23,126
"OL67_003682",2,81911,83038,"-",1128,251.992778374582,-1.38026744803449,0.241440586976885,-5.71679958749699,1.08549012152276e-08,9.44734259611016e-08,-7
"OL67_003683",2,83031,84056,"-",1026,310.948364834898,-1.64312526849022,0.173942828763905,-9.44635246055739,3.50843770385339e-21,8.47159348003624e-20,85
"OL67_003686",2,85952,87061,"-",1110,6294.43861386717,1.9795900681381,0.219935953721997,9.00075696873252,2.24166677180749e-19,4.77258086900949e-18,334
"OL67_003687",2,87395,89527,"+",2133,22291.2252312687,1.75733074363073,0.112006702466902,15.6895141534055,1.7841588034384e-55,1.81160740041437e-53,35
"OL67_003688",2,89562,90143,"+",582,17405.5398802181,1.88999390508012,0.125587060311024,15.0492725954365,3.49051129130272e-51,3.07164993634639e-49,178
"OL67_003689",2,90321,90734,"+",414,920.786049749388,1.49274905683529,0.127699050708174,11.6895861680806,1.44086971543281e-31,5.70584407311394e-30,-86
"OL67_003690",2,90648,91712,"-",1065,3042.58478845849,1.33558580866316,0.150129396229171,8.89623113267172,5.77751936597691e-19,1.17932869532312e-17,90
"OL67_003692",2,93257,94714,"-",1458,15325.005391822,5.14605939197473,0.112947214165908,45.5616318647373,0,0,298
"OL67_003704",2,105197,105889,"-",693,8299.4930574952,15.6358433755614,1.18632153616409,13.1801058135714,1.14230496844761e-39,6.60770044942339e-38,214
"OL67_003712",2,114428,115351,"+",924,1068.28969050125,-1.02646801287869,0.210514228934638,-4.87600300499113,1.08256959779633e-06,7.14495934545576e-06,123
"OL67_003718",2,121504,122739,"+",1236,1528.70691996453,1.58543555531102,0.228571981746742,6.9362637677425,4.02605587338601e-12,5.15960558531022e-11,29
"OL67_003719",2,122768,123997,"+",1230,3192.90369560961,1.67899199768757,0.133703945465997,12.5575351709764,3.61417043286409e-36,1.88317301501866e-34,118
"OL67_003721",2,125110,125949,"+",840,426.749306371942,1.03495194574911,0.23551195701007,4.3944772863692,1.11039612400608e-05,6.2194747539803e-05,4
"OL67_003722",2,125953,126390,"+",438,835.23273978023,1.28470354542053,0.232358588343973,5.5289694888261,3.22117356698921e-08,2.63007161345923e-07,27
"OL67_003731",2,136491,137555,"+",1065,236.837040837689,1.02608119588717,0.257075239281681,3.99136532461953,6.56939910572184e-05,0.000324374319933397,45
"OL67_003732",2,137600,138565,"+",966,482.721831414319,1.47676136092067,0.200913528300184,7.35023357269524,1.97860794062048e-13,2.77847072512663e-12,22
"OL67_003733",2,138587,139090,"+",504,76.5594055452998,1.33528774011423,0.261947162226914,5.09754611869979,3.44084604633906e-07,2.48645079260998e-06,5
"OL67_003734",2,139095,140609,"+",1515,166.183145133471,1.13990981514976,0.202748735102809,5.62227830704706,1.8845533270979e-08,1.59122199899951e-07,-7
"OL67_003735",2,140602,142494,"+",1893,340.332584902864,1.37730848741385,0.151405815866818,9.09680040709519,9.30321103322004e-20,2.02421514788744e-18,10
"OL67_003736",2,142504,143946,"+",1443,287.825301787307,1.32140522943707,0.153877906280098,8.58736163872523,8.89891892507373e-18,1.72245580142998e-16,7
"OL67_003737",2,143953,145695,"+",1743,248.382245828271,1.05437091587451,0.151944378583666,6.93919002270914,3.94354395235865e-12,5.0702707958897e-11,-3
"OL67_003751",2,159890,161140,"-",1251,648.837268426879,1.75351590976666,0.132442019897215,13.2398759179868,5.16340627686176e-40,3.09804376611705e-38,-3
"OL67_003752",2,161137,161832,"-",696,289.843856319985,1.92169136447101,0.161834768556222,11.8744036378277,1.60776505195722e-32,6.70184169026379e-31,7
"OL67_003753",2,161839,162435,"-",597,492.928064403693,2.552336214735,0.262594639990299,9.7196813112,2.4855820017761e-22,6.22968653609705e-21,29
"OL67_003754",2,162464,162850,"-",387,346.274416293732,2.20847072130498,0.17779196315969,12.421656648908,1.9938936011505e-35,1.01228444366102e-33,161
"OL67_003761",2,172535,172843,"+",309,12.0718833291151,-1.63900151367923,0.57335621817922,-2.85860946774787,0.00425502269090082,0.0136436355109046,-3
"OL67_003770",2,184250,184900,"+",651,71.4419897847998,-1.0639862574463,0.273741146492817,-3.88683349608979,0.000101560365050678,0.000481075413397948,63
"OL67_003777",2,192591,193547,"+",957,481.708571632244,-4.60337086749558,0.223738578782789,-20.5747747775078,4.61870579775548e-94,1.66273408719197e-91,81
"OL67_003778",2,193628,194377,"-",750,6114.00673634506,-6.06434193048006,0.212469447325024,-28.5421833907403,3.51211021867851e-179,4.63598548865564e-176,82
"OL67_003779",2,194459,195016,"+",558,421.594555500175,-2.59302516204814,0.307465614705938,-8.43354520969156,3.35348048615309e-17,6.20550594633937e-16,-13
"OL67_003780",2,195003,195704,"+",702,882.739729441443,-2.45252931061662,0.166122705446013,-14.7633600357758,2.52386990504662e-49,2.17272278782274e-47,48
"OL67_003785",2,199679,200437,"-",759,200.042719197437,1.27554759947294,0.231845631753777,5.50171072805714,3.76123705998694e-08,3.05841863604687e-07,38
"OL67_003786",2,200475,201698,"-",1224,460.033726752748,2.09104438933457,0.294179712124445,7.10805097412702,1.17693095284509e-12,1.56397536015656e-11,213
"OL67_003797",2,209809,211197,"+",1389,820.906582578574,1.26153335506886,0.133980559706964,9.41579403629918,4.69519992516257e-21,1.12005974118336e-19,0
"OL67_003812",2,224800,226101,"+",1302,684.868828229273,1.14973197206011,0.137499074673905,8.3617433410867,6.17981726192469e-17,1.1225723099643e-15,-6
"OL67_003813",2,226095,227141,"-",1047,1544.24715291811,4.34458963271637,0.197340545199724,22.0156969178296,2.03714614128032e-107,1.00838733993376e-104,95
"OL67_003814",2,227236,227718,"+",483,292.533731503714,2.58346593661691,0.179156385541427,14.4201722356111,3.86377132104925e-47,3.00010479046177e-45,-3
"OL67_003815",2,227715,228491,"+",777,389.031423777449,2.32989725413947,0.118478677218394,19.6651187271843,4.29161689610437e-86,1.30729253142872e-83,0
"OL67_003816",2,228491,229288,"+",798,426.230132730599,2.01896333679463,0.144778184223727,13.9452179734117,3.36418658854539e-44,2.42221434375268e-42,132
"OL67_003842",3,4751,5143,"+",393,20.9314714404114,1.26593082075119,0.463736728053145,2.72984808873303,0.00633635161746924,0.0193760250233036,2
"OL67_003847",3,7411,7974,"+",564,740.407485097307,-1.67646963840102,0.145741859375721,-11.5030070673045,1.27398197329715e-30,4.75940435307237e-29,5
"OL67_003866",3,24572,25150,"-",579,277.459733003624,-1.42258406078843,0.208238782736158,-6.83150392110612,8.40289942754351e-12,1.02702104114421e-10,3
"OL67_003867",3,25153,25719,"-",567,51.1315709857049,-1.53752947602285,0.313983731982606,-4.89684438844758,9.73878974256326e-07,6.48161468580681e-06,0
"OL67_003868",3,25719,26048,"-",330,135.455873233568,-2.22703810431931,0.228977891211701,-9.72599621969753,2.3360736077255e-22,5.89226209337131e-21,-19
"OL67_003869",3,26029,26490,"-",462,198.551880332494,-1.8962162005512,0.155461767817494,-12.1973153089142,3.21241617754123e-34,1.49660800741921e-32,-3
"OL67_003870",3,26487,27434,"-",948,387.131522890214,-1.82759795487968,0.196579331391581,-9.29699954691142,1.4446484012543e-20,3.26903295369544e-19,78
"OL67_003871",3,27512,27865,"+",354,244.039411847224,-1.32625152578616,0.145089151430728,-9.14094205326836,6.19106369144922e-20,1.36203401211883e-18,-3
"OL67_003872",3,27862,28395,"+",534,598.814024092376,-1.05410468462122,0.206369109288615,-5.1078608046276,3.25826527153907e-07,2.376193457697e-06,119
"OL67_003879",3,35568,36374,"+",807,364.248240233633,-1.44409416538698,0.178246850601747,-8.10165318776652,5.4217319173451e-16,9.13619506071769e-15,222
"OL67_003884",3,39349,41742,"-",2394,984.46105550982,-1.28320977631405,0.141617929883434,-9.06106859046922,1.29178742696449e-19,2.7953432845789e-18,4
"OL67_003885",3,41746,43953,"-",2208,282.038664562817,-1.40158237112572,0.160943617880167,-8.70853028896922,3.07840082737154e-18,6.21962616142413e-17,16
"OL67_003886",3,43969,45501,"-",1533,454.392601748057,-1.44414411936404,0.122993595956695,-11.7416204325997,7.79778886798657e-32,3.11911554719463e-30,2
"OL67_003887",3,45503,46039,"-",537,169.851093567929,-1.79060202621163,0.241983438747488,-7.39968832363003,1.36504506628281e-13,1.93056373659998e-12,0
"OL67_003888",3,46039,46260,"-",222,81.8796810128631,-1.97856517571094,0.341319789044431,-5.79680768363942,6.75891231954854e-09,5.98776124953294e-08,-3
"OL67_003889",3,46257,47276,"-",1020,203.627287786899,-1.71062994792364,0.167646265484925,-10.2038058705069,1.90651857609747e-24,5.39272397238999e-23,-3
"OL67_003890",3,47273,48250,"-",978,430.139123142995,-1.52479554143953,0.147396915083992,-10.3448266917299,4.41714774185339e-25,1.29569667094366e-23,0
"OL67_003891",3,48250,48870,"-",621,374.381447161214,-1.8160684200411,0.209049964137609,-8.68724578611099,3.71332155435289e-18,7.46434180468905e-17,153
"OL67_003892",3,49023,49454,"-",432,483.223829469621,-1.74762022205008,0.173753047504725,-10.0580694678322,8.46418047272574e-24,2.31159687393061e-22,-15
"OL67_003893",3,49439,49657,"-",219,299.078882594909,-1.82804036494189,0.166347876114234,-10.9892618267428,4.30431964577354e-28,1.42042548310527e-26,87
"OL67_003896",3,57341,58570,"-",1230,1489.8693645146,-2.52747024406344,0.149141428192688,-16.9468019361997,2.03211142485904e-64,2.87398615801493e-62,527
"OL67_003900",3,61766,61978,"+",213,45.0067624215147,-1.76474198241947,0.347444488816965,-5.07920556871789,3.79016423798657e-07,2.71903086638167e-06,16
"OL67_003901",3,61994,62272,"+",279,77.8238927075529,-2.32362601163292,0.305097734318221,-7.61600546403713,2.61646616688768e-14,3.88665143172254e-13,-3
"OL67_003902",3,62269,63186,"+",918,112.070323983063,-2.18921133162284,0.221540286990338,-9.88177528053085,4.99402087575876e-23,1.29257010901992e-21,-46
"OL67_003903",3,63140,63565,"+",426,106.625436387355,-1.49283845863845,0.224979960436654,-6.63542857657662,3.23561015717448e-11,3.72471401814272e-10,-3
"OL67_003904",3,63562,64401,"+",840,290.140429524678,-1.58658757500799,0.135047113150327,-11.7484005247998,7.19681644854488e-32,2.90810134043242e-30,46
"OL67_003905",3,64447,65622,"+",1176,308.971077840154,-1.83463885041587,0.187525684887215,-9.78340034603414,1.32676614284847e-22,3.36794482415381e-21,27
"OL67_003906",3,65649,66209,"+",561,138.885028300315,-1.2561098558416,0.164562110696203,-7.6330441468419,2.29274326036245e-14,3.43911489054367e-13,12
"OL67_003908",3,66472,67029,"+",558,198.474406993201,-1.31082551810435,0.179518609021276,-7.30189212834751,2.83748727473131e-13,3.91513923621463e-12,457
"OL67_003910",3,68272,69237,"+",966,693.756870494738,-2.82496575002689,0.136896912629831,-20.6357155596751,1.31189283844889e-94,5.19509564025762e-92,-3
"OL67_003911",3,69234,69500,"+",267,121.111892949773,-2.93011125541323,0.203615544787299,-14.3904104103352,5.94421264827184e-47,4.5267465552224e-45,-3
"OL67_003912",3,69497,70198,"+",702,146.871106352088,-2.63970433535375,0.216551074120652,-12.1897540618202,3.52483531155066e-34,1.62306370159775e-32,-3
"OL67_003913",3,70195,70896,"+",702,170.471829562868,-2.65997725461896,0.241158287749944,-11.0300055595729,2.73848120250872e-28,9.26870560849107e-27,11
"OL67_003914",3,70907,72310,"+",1404,884.253796084861,-2.36396623876987,0.106791261710407,-22.1363265206136,1.41293958554794e-108,7.99320108395694e-106,13
"OL67_003915",3,72323,73813,"+",1491,1123.28226186912,-3.10297675274176,0.171563721069933,-18.0864388659239,4.07588791471429e-73,8.0702580711343e-71,-3
"OL67_003916",3,73810,74049,"+",240,61.1397269367607,-2.37490192787338,0.286281322633125,-8.2956928731144,1.07954116302624e-16,1.91703273793001e-15,3
"OL67_003917",3,74052,74405,"+",354,65.6643087200549,-2.10637481998587,0.287420959212066,-7.32853590691604,2.32680624760841e-13,3.24441997905961e-12,0
"OL67_003918",3,74405,77368,"+",2964,1553.78423652093,-2.26102637993431,0.156770305938093,-14.4225423711756,3.73332909964581e-47,2.95679664691948e-45,41
"OL67_003919",3,77409,77798,"+",390,818.141148439563,-1.91237417692132,0.205784444112013,-9.29309397108935,1.49867210380803e-20,3.37201223356806e-19,132
"OL67_003920",3,77930,78163,"+",234,110.675224180406,-1.92812690920533,0.333325052116503,-5.78452443631935,7.27177524466198e-09,6.41341424696246e-08,33
"OL67_003934",3,90899,91381,"-",483,61.1691690666201,-1.45534267073203,0.299255610922754,-4.86320930205615,1.15497603069762e-06,7.58491721652168e-06,1
"OL67_003935",3,91382,91900,"-",519,124.078908881369,-1.19332899914022,0.199653325806503,-5.9770053632703,2.27276719352389e-09,2.11768425561285e-08,119
"OL67_003936",3,92019,92306,"+",288,37.9431847944179,-1.37264893692393,0.330446635201922,-4.15392015138894,3.26827263553097e-05,0.000170743530827212,0
"OL67_003937",3,92306,92647,"+",342,42.6095931339694,-1.38592787028663,0.282023148385138,-4.91423444572702,8.91300425727826e-07,6.00263552020781e-06,453
"OL67_003942",3,95929,97092,"-",1164,674.789741200166,-1.10036672540462,0.155257736154376,-7.08735521114714,1.36699197625308e-12,1.80442940865407e-11,933
"OL67_003971",4,6979,7368,"+",390,6.38311503901042,-2.46195288315449,0.802293505206051,-3.06864366616329,0.00215032907839266,0.00749586544932651,119
"OL67_003976",4,11189,11458,"-",270,32.7995853795792,-1.17401685732362,0.327089065807303,-3.58928799538429,0.000331582365795854,0.0014256961656369,64
"OL67_003983",4,19620,20849,"+",1230,752.163379088248,1.62173185544824,0.240702784215356,6.7374869000156,1.61149464600754e-11,1.89926154708032e-10,93
"OL67_003984",4,20942,21874,"+",933,116.575585155712,1.11761859429567,0.298169096039754,3.74827106209108,0.000178057762886621,0.000802171491502864,-7
"OL67_003985",4,21867,22796,"+",930,84.9892555295934,1.16627778706801,0.239669000515814,4.86620207268339,1.13763203215787e-06,7.48342665671955e-06,7
"OL67_003987",4,23909,24652,"+",744,82.1010913222929,1.25958208664983,0.250979521090223,5.01866479455523,5.20318481661919e-07,3.66630104516227e-06,10
"OL67_003988",4,24662,25798,"+",1137,186.066846233447,1.25646513844011,0.161403560020816,7.78461849464822,6.99238815718811e-15,1.07325027528934e-13,36
"OL67_004019",4,64820,65902,"-",1083,645.866500997697,-1.21160001712827,0.311711279900903,-3.88693029496221,0.000101519890482016,0.000481075413397948,2
"OL67_004021",4,68082,69359,"+",1278,359.80592952715,-1.88679183324012,0.167560071772497,-11.2603904574706,2.05844640412955e-29,7.21367058438319e-28,73
"OL67_004025",4,74603,75052,"-",450,309.366471724305,-1.3688561753077,0.158646773301575,-8.62832660772498,6.22560891477528e-18,1.22653787574677e-16,149
"OL67_004026",4,75201,76391,"+",1191,117.863895704052,-2.47398774453547,0.26784297691489,-9.23670940724947,2.54194250279263e-20,5.6870578028581e-19,388
"OL67_004031",5,6936,7712,"+",777,5521.16536943978,1.11841359658509,0.184346580593556,6.06690719721542,1.30396851377521e-09,1.24127771984371e-08,9
"OL67_004032",5,7721,8395,"+",675,1335.84255338096,1.19289241393625,0.1510052538015,7.89967490471779,2.79631794588276e-15,4.42936762627829e-14,-3
"OL67_004046",5,22984,24435,"+",1452,688.570575237527,-1.22512531418508,0.218734365621338,-5.60097317449402,2.13151724696289e-08,1.7883068427909e-07,82
"OL67_004048",5,26985,28253,"+",1269,1776.97388608313,-4.76570377358784,0.248538968801038,-19.1748754594814,6.00119994418817e-82,1.58431678526568e-79,32
